"Fecha","Último","Apertura","Máximo","Mínimo","Vol.","% var."
"20.07.2026","12,620","12,800","12,800","12,610","10,30K","-1,25%"
"17.07.2026","12,780","12,650","12,880","12,580","6,13K","-0,93%"
"16.07.2026","12,900","12,900","13,000","12,800","11,42K","3,04%"
"15.07.2026","12,520","12,380","13,000","12,380","13,63K","0,32%"
"14.07.2026","12,480","12,370","12,600","12,370","5,64K","1,88%"
"13.07.2026","12,250","12,340","12,340","12,200","27,17K","1,91%"
"10.07.2026","12,020","12,000","12,250","12,000","33,01K","0,25%"
"09.07.2026","11,990","12,100","12,100","11,910","9,81K","-0,25%"
"08.07.2026","12,020","12,100","12,100","12,000","11,94K","-0,08%"
"07.07.2026","12,030","12,100","12,100","12,000","19,76K","-0,17%"
"06.07.2026","12,050","12,000","12,100","11,980","16,16K","-1,23%"
"03.07.2026","12,200","12,150","12,200","12,150","3,97K","0,66%"
"02.07.2026","12,120","11,950","12,200","11,950","16,46K","-0,08%"
"01.07.2026","12,130","12,200","12,200","12,000","5,92K","0,25%"
"30.06.2026","12,100","11,950","12,100","11,900","4,89K","0,83%"
"26.06.2026","12,000","11,990","12,000","11,990","2,63K","0,59%"
"25.06.2026","11,930","11,940","11,940","11,900","5,93K","-0,50%"
"24.06.2026","11,990","11,950","12,000","11,950","30,94K","0,50%"
"23.06.2026","11,930","11,900","11,950","11,900","4,66K","-0,17%"
"22.06.2026","11,950","11,950","11,950","11,950","3,29K","0,84%"
"19.06.2026","11,850","11,850","11,850","11,850","1,92K","-0,25%"
"18.06.2026","11,880","11,900","11,900","11,850","15,22K","-0,08%"
"17.06.2026","11,890","11,800","11,950","11,800","18,69K","0,17%"
"16.06.2026","11,870","11,900","11,900","11,800","29,58K","0,17%"
"15.06.2026","11,850","11,690","11,950","11,690","32,21K","1,46%"
"12.06.2026","11,680","11,650","11,700","11,650","9,15K","0,34%"
"11.06.2026","11,640","11,800","11,800","11,600","13,12K","0,17%"
"10.06.2026","11,620","11,640","11,700","11,500","24,62K","1,40%"
"09.06.2026","11,460","11,960","11,960","11,400","30,68K","2,32%"
"08.06.2026","11,200","11,290","11,290","11,200","87,71K","-0,88%"
"05.06.2026","11,300","11,400","11,400","11,200","305,77K","0,00%"
"04.06.2026","11,300","11,300","11,300","11,100","107,19K","0,27%"
"03.06.2026","11,270","11,400","11,490","11,200","54,91K","-2,00%"
"02.06.2026","11,500","11,510","11,510","11,300","53,76K","0,00%"
"01.06.2026","11,500","11,350","11,540","11,350","81,95K","0,70%"
"29.05.2026","11,420","11,400","11,540","11,400","254,31K","0,62%"
"28.05.2026","11,350","11,550","11,550","11,350","10,60K","-0,09%"
"27.05.2026","11,360","11,360","11,360","11,360","3,70K","-0,09%"
"26.05.2026","11,370","11,370","11,370","11,370","3,01K","-1,56%"
"25.05.2026","11,550","11,300","11,600","11,300","7,57K","0,00%"
"22.05.2026","11,550","11,300","11,550","11,300","5,41K","0,87%"
"21.05.2026","11,450","11,600","11,600","11,450","39,51K","-0,43%"
"20.05.2026","11,500","11,250","11,600","11,250","604,22K","0,00%"
"19.05.2026","11,500","11,120","11,500","11,120","10,87K","0,44%"
"18.05.2026","11,450","11,150","11,450","11,100","83,99K","2,97%"
"15.05.2026","11,120","11,150","11,150","11,000","26,77K","0,18%"
"14.05.2026","11,100","11,500","11,500","11,050","7,65K","0,82%"
"13.05.2026","11,010","11,150","11,150","10,950","22,75K","-1,26%"
"12.05.2026","11,150","11,150","11,150","11,150","2,00K","0,36%"
"11.05.2026","11,110","11,000","11,400","11,000","8,26K","-1,51%"
"08.05.2026","11,280","11,350","11,350","11,280","3,67K","-0,18%"
"07.05.2026","11,300","11,350","11,350","11,290","113,34K","-0,44%"
"06.05.2026","11,350","11,150","11,350","11,150","15,19K","1,25%"
"05.05.2026","11,210","11,200","11,320","11,200","28,80K","0,63%"
"04.05.2026","11,140","11,100","11,500","11,100","13,07K","-3,13%"
"30.04.2026","11,500","11,050","11,500","11,050","253,13K","5,02%"
"29.04.2026","10,950","11,120","11,120","10,950","4,91K","-0,18%"
"28.04.2026","10,970","10,950","11,050","10,900","12,59K","-2,05%"
"27.04.2026","11,200","11,200","11,200","11,110","5,61K","0,00%"
"24.04.2026","11,200","11,200","11,200","11,200","6,36K","0,18%"
"23.04.2026","11,180","11,450","11,450","11,100","18,13K","0,93%"
"21.04.2026","11,077","11,028","11,077","11,028","6,93K","0,00%"
"20.04.2026","11,077","11,028","11,077","11,028","4,37K","1,33%"
"17.04.2026","10,932","11,135","11,135","10,738","45,91K","-1,82%"
"16.04.2026","11,135","11,173","11,222","11,135","27,21K","0,35%"
"15.04.2026","11,096","11,319","11,319","10,787","28,78K","-5,16%"
"14.04.2026","11,700","11,700","11,720","11,520","2,38K","0,00%"
"13.04.2026","11,700","11,760","11,900","11,650","24,83K","-0,43%"
"10.04.2026","11,750","11,800","11,850","11,750","11,65K","-0,84%"
"09.04.2026","11,850","11,860","11,860","11,850","4,31K","0,00%"
"08.04.2026","11,850","12,000","12,000","11,850","31,51K","0,42%"
"07.04.2026","11,800","11,710","11,800","11,710","6,06K","0,85%"
"06.04.2026","11,700","11,700","11,700","11,700","14,05K","0,00%"
"01.04.2026","11,700","11,500","11,600","11,500","6,65K","4,46%"
"31.03.2026","11,200","11,770","11,900","11,200","44,88K","-4,84%"
"30.03.2026","11,770","11,650","11,770","11,600","72,78K","1,03%"
"27.03.2026","11,650","11,950","11,950","11,570","22,64K","0,43%"
"26.03.2026","11,600","11,950","11,950","11,600","31,98K","-0,85%"
"25.03.2026","11,700","11,700","11,700","11,700","25,28K","1,21%"
"24.03.2026","11,560","11,560","11,560","11,560","5,40K","0,09%"
"23.03.2026","11,550","11,650","11,650","11,550","12,74K","-1,53%"
"20.03.2026","11,730","11,550","11,730","11,400","606,73K","1,56%"
"19.03.2026","11,550","11,850","11,900","11,550","20,58K","-2,53%"
"18.03.2026","11,850","11,990","12,000","11,850","27,11K","0,00%"
"17.03.2026","11,850","11,750","11,900","11,750","9,81K","0,85%"
"16.03.2026","11,750","11,710","11,800","11,700","14,37K","0,43%"
"13.03.2026","11,700","11,700","11,710","11,600","126,58K","-0,26%"
"12.03.2026","11,730","11,670","11,730","11,600","105,38K","0,51%"
"11.03.2026","11,670","11,690","11,700","11,650","38,12K","0,26%"
"10.03.2026","11,640","11,550","11,650","11,550","128,08K","0,78%"
"09.03.2026","11,550","11,150","11,600","11,150","19,41K","1,76%"
"06.03.2026","11,350","11,450","11,450","11,350","6,17K","-0,87%"
"05.03.2026","11,450","11,640","11,650","11,450","24,20K","-1,38%"
"04.03.2026","11,610","11,640","11,650","11,610","7,32K","-0,26%"
"03.03.2026","11,640","11,690","11,700","11,600","10,58K","-0,43%"
"02.03.2026","11,690","11,700","11,700","11,690","37,63K","-0,09%"
"27.02.2026","11,700","11,700","11,700","11,640","17,82K","0,00%"
"26.02.2026","11,700","11,700","11,700","11,700","8,28K","0,86%"
"25.02.2026","11,600","11,570","11,680","11,570","5,44K","0,26%"
"24.02.2026","11,570","11,640","11,650","11,570","17,45K","-0,60%"
"23.02.2026","11,640","11,660","11,660","11,640","11,69K","-0,17%"
"20.02.2026","11,660","11,450","11,690","11,450","10,01K","2,10%"
"19.02.2026","11,420","11,600","11,600","11,420","14,21K","-1,55%"
"18.02.2026","11,600","11,500","11,600","11,500","10,95K","1,75%"
"17.02.2026","11,400","11,700","11,700","11,400","21,44K","-0,87%"
"16.02.2026","11,500","11,500","11,500","11,500","4,69K","0,00%"
"13.02.2026","11,500","11,500","11,500","11,500","1,56K","0,00%"
"12.02.2026","11,500","11,500","11,600","11,500","7,87K","0,44%"
"11.02.2026","11,450","11,500","11,550","11,320","20,55K","-0,43%"
"10.02.2026","11,500","11,520","11,520","11,500","10,45K","-1,96%"
"09.02.2026","11,730","11,700","11,800","11,400","64,50K","0,26%"
"06.02.2026","11,700","11,650","11,750","11,650","292,64K","3,08%"
"05.02.2026","11,350","11,400","11,500","11,400","297,67K","-0,44%"
"04.02.2026","11,400","11,430","11,470","11,400","20,87K","-0,44%"
"03.02.2026","11,450","11,600","11,600","11,450","36,72K","-1,29%"
"02.02.2026","11,600","11,500","11,680","11,500","83,47K","0,96%"
"30.01.2026","11,490","11,480","11,500","11,310","26,30K","-0,43%"
"29.01.2026","11,540","11,550","11,550","11,500","28,08K","0,52%"
"28.01.2026","11,480","11,400","11,480","11,400","46,15K","0,88%"
"27.01.2026","11,380","11,380","11,400","11,360","59,14K","0,26%"
"26.01.2026","11,350","11,330","11,400","11,300","23,61K","0,00%"
"23.01.2026","11,350","11,400","11,400","11,350","15,89K","-0,35%"
"22.01.2026","11,390","11,400","11,400","11,210","11,83K","-0,09%"
"21.01.2026","11,400","11,450","11,450","11,400","27,06K","-0,44%"
"20.01.2026","11,450","11,500","11,500","11,150","11,35K","-0,43%"
"19.01.2026","11,500","11,490","11,500","11,490","8,07K","0,09%"
"16.01.2026","11,490","11,550","11,550","11,480","45,70K","-0,52%"
"15.01.2026","11,550","11,500","11,550","11,480","116,31K","1,14%"
"14.01.2026","11,420","11,550","11,550","11,420","37,22K","-1,13%"
"13.01.2026","11,550","11,500","11,550","11,470","74,50K","0,43%"
"12.01.2026","11,500","11,450","11,500","11,440","9,28K","0,44%"
"09.01.2026","11,450","11,350","11,450","11,330","25,22K","0,88%"
"08.01.2026","11,350","11,490","11,490","11,300","16,78K","-1,22%"
"07.01.2026","11,490","11,700","11,700","11,450","312,84K","-0,52%"
"06.01.2026","11,550","11,020","11,550","11,020","33,45K","4,81%"
"05.01.2026","11,020","10,770","11,170","10,770","630,07K","2,89%"
"02.01.2026","10,710","10,510","10,800","10,510","14,55K","0,09%"
"31.12.2025","10,700","10,700","10,700","10,700","2,89K","0,00%"
"30.12.2025","10,700","10,500","10,700","10,500","23,99K","1,90%"
"29.12.2025","10,500","10,250","10,550","10,250","18,80K","2,44%"
"26.12.2025","10,250","9,950","10,250","9,950","21,26K","3,02%"
"24.12.2025","9,950","9,870","10,000","9,870","7,22K","1,02%"
"23.12.2025","9,850","9,800","9,850","9,800","13,90K","1,03%"
"22.12.2025","9,750","9,650","9,800","9,600","33,73K","2,63%"
"19.12.2025","9,500","9,750","9,750","9,500","18,13K","-0,11%"
"18.12.2025","9,510","9,460","9,650","9,460","16,83K","0,42%"
"17.12.2025","9,470","9,440","9,480","9,440","27,49K","0,21%"
"16.12.2025","9,450","9,450","9,500","9,450","28,55K","-0,53%"
"15.12.2025","9,500","9,500","9,500","9,450","30,59K","-0,11%"
"12.12.2025","9,510","9,510","9,510","9,490","20,03K","0,11%"
"11.12.2025","9,500","9,450","9,500","9,280","37,10K","2,15%"
"10.12.2025","9,300","9,300","9,500","9,300","2,46K","0,00%"
"05.12.2025","9,300","9,310","9,440","9,300","9,61K","-1,59%"
"04.12.2025","9,450","9,280","9,450","9,280","136,00K","1,72%"
"03.12.2025","9,290","9,260","9,300","9,200","553,12K","0,00%"
"02.12.2025","9,290","9,450","9,450","9,290","56,63K","-1,69%"
"01.12.2025","9,450","9,450","9,450","9,300","513,48K","1,61%"
"28.11.2025","9,300","9,120","9,300","9,120","10,67K","1,97%"
"27.11.2025","9,120","9,100","9,120","9,100","5,25K","0,22%"
"26.11.2025","9,100","9,300","9,300","9,100","78,03K","0,00%"
"25.11.2025","9,100","9,060","9,100","9,060","12,49K","1,11%"
"24.11.2025","9,000","9,000","9,000","9,000","1,83K","0,00%"
"21.11.2025","9,000","9,150","9,150","9,000","18,18K","-3,23%"
"20.11.2025","9,300","9,330","9,330","9,300","4,42K","1,65%"
"19.11.2025","9,149","9,149","9,149","9,149","7,62K","2,15%"
"18.11.2025","8,957","9,149","9,149","8,957","45,88K","-0,11%"
"17.11.2025","8,966","9,217","9,217","8,957","6,11K","0,11%"
"14.11.2025","8,957","9,101","9,101","8,909","12,93K","0,00%"
"13.11.2025","8,957","9,005","9,005","8,957","116,56K","-3,69%"
"12.11.2025","9,300","9,290","9,300","9,290","27,71K","1,09%"
"11.11.2025","9,200","9,300","9,300","9,200","3,61K","-1,08%"
"10.11.2025","9,300","9,300","9,300","9,300","37,43K","1,20%"
"07.11.2025","9,190","9,190","9,190","9,190","1,92K","-1,39%"
"06.11.2025","9,320","9,360","9,400","9,320","7,17K","-0,32%"
"05.11.2025","9,350","9,330","9,380","9,330","11,82K","0,54%"
"04.11.2025","9,300","9,320","9,320","9,300","189,65K","0,00%"
"03.11.2025","9,300","9,240","9,300","9,220","43,01K","1,09%"
"31.10.2025","9,200","9,160","9,200","8,650","1,05M","-0,54%"
"30.10.2025","9,250","9,300","9,300","9,250","24,31K","-0,54%"
"29.10.2025","9,300","9,200","9,300","9,200","23,33K","0,00%"
"28.10.2025","9,300","9,300","9,300","9,300","7,89K","1,09%"
"27.10.2025","9,200","9,200","9,300","9,200","12,10K","0,00%"
"24.10.2025","9,200","9,200","9,220","9,200","38,01K","0,00%"
"23.10.2025","9,200","9,200","9,200","9,200","5,10K","0,00%"
"22.10.2025","9,200","9,250","9,250","9,150","16,57K","0,55%"
"21.10.2025","9,150","9,300","9,300","9,120","26,99K","-1,40%"
"20.10.2025","9,280","9,280","9,280","9,280","4,28K","-0,22%"
"17.10.2025","9,300","9,300","9,300","9,280","8,75K","0,22%"
"16.10.2025","9,280","9,300","9,300","9,280","78,29K","0,32%"
"15.10.2025","9,250","9,250","9,250","9,250","15,96K","0,00%"
"14.10.2025","9,250","9,200","9,250","9,200","12,24K","0,54%"
"13.10.2025","9,200","9,260","9,260","9,200","6,39K","-0,65%"
"10.10.2025","9,260","9,300","9,300","9,260","4,59K","-1,49%"
"09.10.2025","9,400","9,320","9,400","9,320","14,06K","0,00%"
"07.10.2025","9,400","9,380","9,420","9,380","17,94K","-0,53%"
"06.10.2025","9,450","9,150","9,450","9,150","23,96K","6,30%"
"03.10.2025","8,890","8,950","8,950","8,890","20,08K","0,23%"
"02.10.2025","8,870","8,850","8,950","8,850","41,82K","0,34%"
"01.10.2025","8,840","8,850","8,850","8,840","8,60K","0,68%"
"30.09.2025","8,780","8,780","8,780","8,780","27,79K","0,00%"
"29.09.2025","8,780","8,820","8,820","8,780","26,02K","0,00%"
"26.09.2025","8,780","8,750","8,800","8,750","45,65K","-0,23%"
"25.09.2025","8,800","8,700","8,800","8,700","138,67K","2,33%"
"24.09.2025","8,600","8,650","8,850","8,600","47,04K","-0,12%"
"23.09.2025","8,610","8,610","8,610","8,610","1,33K","0,00%"
"22.09.2025","8,610","8,600","8,700","8,600","10,82K","0,12%"
"19.09.2025","8,600","8,650","8,660","8,600","2,43M","-1,15%"
"18.09.2025","8,700","8,700","8,700","8,700","2,96K","-0,46%"
"17.09.2025","8,740","8,850","8,850","8,740","15,02K","-1,47%"
"16.09.2025","8,870","8,870","8,870","8,870","3,73K","-1,44%"
"15.09.2025","9,000","9,000","9,000","9,000","47,55K","1,12%"
"12.09.2025","8,900","8,980","8,980","8,900","5,62K","-1,00%"
"11.09.2025","8,990","9,000","9,000","8,990","8,49K","0,45%"
"10.09.2025","8,950","8,900","8,950","8,900","7,38K","0,56%"
"09.09.2025","8,900","8,860","8,900","8,850","147,22K","1,14%"
"08.09.2025","8,800","8,820","8,820","8,800","25,32K","0,00%"
"05.09.2025","8,800","8,800","8,800","8,700","46,02K","0,00%"
"04.09.2025","8,800","8,760","8,800","8,760","6,73K","0,92%"
"03.09.2025","8,720","8,700","8,750","8,700","13,32K","-2,02%"
"02.09.2025","8,900","8,750","8,900","8,700","168,25K","2,30%"
"01.09.2025","8,700","8,980","8,980","8,700","24,10K","-2,25%"
"29.08.2025","8,900","8,900","8,900","8,900","17,25K","0,00%"
"28.08.2025","8,900","8,800","8,900","8,800","75,86K","1,14%"
"27.08.2025","8,800","8,900","8,900","8,800","11,73K","-1,46%"
"26.08.2025","8,930","8,930","8,930","8,930","4,01K","0,34%"
"25.08.2025","8,900","8,750","8,900","8,750","10,37K","2,30%"
"22.08.2025","8,700","8,900","8,900","8,700","234,83K","0,00%"
"21.08.2025","8,700","9,050","9,050","8,700","760,26K","-3,33%"
"20.08.2025","9,000","9,150","9,150","8,850","81,51K","-1,96%"
"19.08.2025","9,180","9,180","9,180","9,180","4,79K","0,00%"
"18.08.2025","9,180","9,200","9,300","9,000","26,15K","-2,13%"
"15.08.2025","9,380","9,380","9,380","9,380","1,64K","0,00%"
"14.08.2025","9,380","9,380","9,390","9,380","6,52K","-0,11%"
"13.08.2025","9,390","9,420","9,420","9,390","10,48K","-0,84%"
"12.08.2025","9,470","9,470","9,470","9,470","4,50K","-1,04%"
"11.08.2025","9,570","9,570","9,570","9,570","3,54K","0,74%"
"08.08.2025","9,500","9,600","9,600","9,500","4,44K","-0,52%"
"07.08.2025","9,550","9,550","9,550","9,550","6,39K","-0,83%"
"05.08.2025","9,630","9,630","9,630","9,630","0,83K","0,00%"
"04.08.2025","9,630","9,630","9,630","9,630","5,78K","0,84%"
"01.08.2025","9,550","9,550","9,550","9,550","1,66K","0,00%"
"31.07.2025","9,550","9,570","9,570","9,550","16,46K","0,00%"
"30.07.2025","9,550","9,550","9,550","9,550","21,30K","-1,04%"
"25.07.2025","9,650","9,700","9,700","9,650","28,07K","-0,92%"
"24.07.2025","9,740","9,740","9,740","9,740","2,82K","0,00%"
"22.07.2025","9,740","9,740","9,740","9,740","2,22K","0,00%"
"21.07.2025","9,740","9,740","9,740","9,740","3,76K","-0,81%"
"18.07.2025","9,820","9,820","9,820","9,820","1,03K","0,00%"
"17.07.2025","9,820","9,830","9,830","9,820","4,37K","-0,10%"
"16.07.2025","9,830","9,650","9,830","9,650","5,47K","1,87%"
"15.07.2025","9,650","9,650","9,650","9,650","3,23K","0,00%"
"14.07.2025","9,650","9,650","9,650","9,650","8,67K","0,00%"
"11.07.2025","9,650","9,650","9,650","9,650","3,25K","-1,93%"
"10.07.2025","9,840","9,700","9,840","9,680","11,16K","1,23%"
"09.07.2025","9,720","9,700","9,720","9,700","6,57K","0,21%"
"08.07.2025","9,700","9,700","9,700","9,700","520,15K","0,00%"
"07.07.2025","9,700","9,600","9,700","9,600","181,61K","0,10%"
"04.07.2025","9,690","9,650","9,690","9,650","4,53K","-0,10%"
"03.07.2025","9,700","9,560","9,700","9,560","5,43K","1,57%"
"02.07.2025","9,550","9,620","9,620","9,550","7,72K","-0,52%"
"01.07.2025","9,600","9,600","9,600","9,600","3,04K","0,52%"
"30.06.2025","9,550","9,570","9,570","9,550","15,91K","0,00%"
"27.06.2025","9,550","9,580","9,580","9,550","32,85K","-1,55%"
"26.06.2025","9,700","9,700","9,700","9,700","75,21K","-0,10%"
"25.06.2025","9,710","9,550","9,710","9,550","47,17K","1,89%"
"24.06.2025","9,530","9,500","9,530","9,500","15,38K","-1,65%"
"23.06.2025","9,690","9,800","9,800","9,500","17,35K","-0,10%"
"20.06.2025","9,700","9,570","9,700","9,570","56,59K","1,46%"
"19.06.2025","9,560","9,700","9,700","9,560","12,18K","-1,44%"
"18.06.2025","9,700","9,350","9,900","9,350","28,83K","3,74%"
"17.06.2025","9,350","9,100","9,400","9,100","140,44K","3,89%"
"16.06.2025","9,000","9,000","9,000","9,000","8,46K","0,00%"
"13.06.2025","9,000","9,000","9,000","8,990","5,71K","0,22%"
"12.06.2025","8,980","8,980","8,980","8,980","3,26K","0,79%"
"11.06.2025","8,910","8,860","8,910","8,830","49,32K","-0,45%"
"10.06.2025","8,950","8,700","8,950","8,700","14,83K","3,35%"
"09.06.2025","8,660","8,700","8,700","8,660","105,20K","-0,46%"
"06.06.2025","8,700","8,660","8,700","8,660","9,86K","0,58%"
"05.06.2025","8,650","8,700","8,700","8,650","3,05K","0,00%"
"04.06.2025","8,650","8,630","8,650","8,620","6,07K","0,35%"
"03.06.2025","8,620","8,630","8,630","8,610","29,50K","-0,35%"
"02.06.2025","8,650","8,610","8,650","8,550","158,74K","0,35%"
"30.05.2025","8,620","8,620","8,620","8,620","22,44K","0,23%"
"29.05.2025","8,600","8,600","8,650","8,600","4,99K","0,00%"
"28.05.2025","8,600","8,600","8,600","8,600","7,69K","0,00%"
"27.05.2025","8,600","8,600","8,600","8,600","161,63K","0,58%"
"26.05.2025","8,550","8,550","8,550","8,550","42,42K","0,00%"
"23.05.2025","8,550","8,550","8,550","8,550","20,37K","0,00%"
"22.05.2025","8,550","8,530","8,550","8,530","20,67K","0,47%"
"21.05.2025","8,510","8,510","8,520","8,510","398,74K","0,00%"
"20.05.2025","8,510","8,550","8,550","8,510","15,97K","0,00%"
"19.05.2025","8,510","8,510","8,510","8,510","82,61K","-0,47%"
"16.05.2025","8,550","8,460","8,550","8,460","6,06K","1,06%"
"15.05.2025","8,460","8,490","8,490","8,450","21,67K","-0,35%"
"14.05.2025","8,490","8,460","8,490","8,460","305,78K","0,00%"
"13.05.2025","8,490","8,490","8,490","8,490","1,79K","0,00%"
"12.05.2025","8,490","8,490","8,490","8,490","3,09K","0,47%"
"09.05.2025","8,450","8,400","8,450","8,400","6,48K","0,60%"
"08.05.2025","8,400","8,550","8,550","8,400","15,34K","-0,59%"
"07.05.2025","8,450","8,450","8,450","8,430","156,14K","0,36%"
"06.05.2025","8,420","8,420","8,420","8,420","94,78K","0,24%"
"05.05.2025","8,400","8,400","8,400","8,390","9,11K","1,20%"
"02.05.2025","8,300","8,300","8,300","8,300","2,49K","1,10%"
"30.04.2025","8,210","8,210","8,220","8,210","16,38K","0,12%"
"29.04.2025","8,200","8,190","8,200","8,190","10,37K","0,99%"
"28.04.2025","8,120","8,120","8,120","8,120","0,46K","0,00%"
"25.04.2025","8,120","8,110","8,120","8,110","5,48K","0,12%"
"24.04.2025","8,110","8,110","8,110","8,110","24,66K","0,12%"
"23.04.2025","8,100","8,100","8,100","8,100","3,45K","0,37%"
"22.04.2025","8,070","8,070","8,070","8,070","149,24K","0,00%"
"21.04.2025","8,070","8,070","8,070","8,070","3,24K","-0,12%"
"16.04.2025","8,080","8,080","8,080","8,080","7,52K","-0,25%"
"15.04.2025","8,100","8,100","8,110","8,100","15,33K","0,00%"
"14.04.2025","8,100","8,030","8,100","8,030","9,83K","-4,14%"
"11.04.2025","8,450","8,490","8,520","8,450","137,20K","-0,59%"
"10.04.2025","8,500","8,450","8,500","8,450","307,23K","0,00%"
"09.04.2025","8,500","8,450","8,500","8,450","17,32K","0,59%"
"08.04.2025","8,450","8,450","8,450","8,450","5,47K","0,00%"
"07.04.2025","8,450","8,450","8,450","8,450","22,58K","-0,94%"
"04.04.2025","8,530","8,550","8,550","8,530","19,33K","-0,23%"
"03.04.2025","8,550","8,550","8,550","8,550","9,58K","0,00%"
"02.04.2025","8,550","8,550","8,550","8,500","154,18K","-0,58%"
"01.04.2025","8,600","8,500","8,600","8,500","74,36K","1,18%"
"31.03.2025","8,500","8,450","8,500","8,450","171,90K","0,00%"
"28.03.2025","8,500","8,500","8,520","8,500","58,01K","0,00%"
"27.03.2025","8,500","8,500","8,500","8,500","23,57K","0,00%"
"26.03.2025","8,500","8,500","8,550","8,490","285,82K","0,00%"
"25.03.2025","8,500","8,400","8,500","8,360","897,47K","1,19%"
"24.03.2025","8,400","8,400","8,400","8,320","67,18K","1,08%"
"21.03.2025","8,310","8,370","8,370","8,300","36,69K","-0,72%"
"20.03.2025","8,370","8,350","8,370","8,350","48,08K","0,24%"
"19.03.2025","8,350","8,700","8,700","8,300","115,47K","-4,57%"
"18.03.2025","8,750","8,000","8,750","8,000","43,42M","8,70%"
"17.03.2025","8,050","8,000","8,050","8,000","112,52K","0,12%"
"14.03.2025","8,040","8,000","8,070","8,000","14,67K","0,50%"
"13.03.2025","8,000","8,000","8,010","8,000","42,16K","0,00%"
"12.03.2025","8,000","8,000","8,000","8,000","252,48K","0,00%"
"11.03.2025","8,000","7,950","8,050","7,900","996,19K","0,00%"
"10.03.2025","8,000","8,000","8,000","8,000","11,87K","0,00%"
"07.03.2025","8,000","8,000","8,000","8,000","81,85K","0,00%"
"06.03.2025","8,000","8,000","8,020","8,000","326,45K","-0,62%"
"05.03.2025","8,050","8,050","8,050","7,990","60,99K","0,63%"
"04.03.2025","8,000","8,000","8,050","7,990","326,25K","0,00%"
"03.03.2025","8,000","8,000","8,000","7,900","332,42K","0,00%"
"28.02.2025","8,000","7,450","8,000","7,450","1,71M","7,38%"
"27.02.2025","7,450","7,440","7,450","7,400","19,29K","0,00%"
"26.02.2025","7,450","7,350","7,450","7,350","37,69K","1,36%"
"25.02.2025","7,350","7,300","7,350","7,270","48,06K","1,10%"
"24.02.2025","7,270","7,350","7,350","7,250","117,66K","0,28%"
"21.02.2025","7,250","7,220","7,250","7,220","26,17K","0,42%"
"20.02.2025","7,220","7,190","7,220","7,190","33,34K","0,42%"
"19.02.2025","7,190","7,200","7,220","7,180","44,47K","0,00%"
"18.02.2025","7,190","7,230","7,230","7,140","27,70K","-0,69%"
"17.02.2025","7,240","7,100","7,250","7,100","15,03K","1,97%"
"14.02.2025","7,100","7,100","7,150","7,100","18,92K","1,57%"
"13.02.2025","6,990","6,990","6,990","6,990","29,25K","-0,14%"
"12.02.2025","7,000","7,000","7,000","6,980","156,13K","0,72%"
"11.02.2025","6,950","6,990","6,990","6,950","9,31K","0,00%"
"10.02.2025","6,950","6,910","6,950","6,910","7,52K","0,58%"
"07.02.2025","6,910","6,900","6,940","6,900","388,59K","0,14%"
"06.02.2025","6,900","6,910","6,910","6,900","31,63K","-0,14%"
"05.02.2025","6,910","6,900","6,910","6,900","18,04K","0,14%"
"04.02.2025","6,900","6,900","6,900","6,900","7,15K","0,00%"
"03.02.2025","6,900","6,900","6,900","6,900","10,82K","-0,14%"
"31.01.2025","6,910","6,930","6,930","6,910","437,63K","0,14%"
"30.01.2025","6,900","6,900","6,900","6,900","5,18K","0,00%"
"29.01.2025","6,900","6,900","6,910","6,900","88,71K","0,00%"
"28.01.2025","6,900","6,900","6,950","6,900","15,43K","0,73%"
"27.01.2025","6,850","6,900","6,900","6,850","95,62K","-0,72%"
"24.01.2025","6,900","6,860","6,900","6,860","35,93K","0,00%"
"23.01.2025","6,900","6,950","6,950","6,900","106,11K","-1,15%"
"22.01.2025","6,980","6,850","6,980","6,850","494,83K","2,65%"
"21.01.2025","6,800","6,800","6,810","6,800","15,46K","0,00%"
"20.01.2025","6,800","6,800","6,800","6,700","17,90K","1,49%"
"17.01.2025","6,700","6,750","6,800","6,700","24,31K","-0,74%"
"16.01.2025","6,750","6,750","6,750","6,750","29,05K","0,00%"
"15.01.2025","6,750","6,730","6,800","6,730","606,39K","0,00%"
"14.01.2025","6,750","6,740","6,750","6,700","74,77K","0,00%"
"13.01.2025","6,750","6,700","6,750","6,690","721,68K","0,15%"
"10.01.2025","6,740","6,750","6,750","6,740","5,12K","-0,15%"
"09.01.2025","6,750","6,750","6,750","6,750","4,29K","0,00%"
"08.01.2025","6,750","6,680","6,750","6,680","639,61K","0,15%"
"07.01.2025","6,740","6,800","6,800","6,740","36,95K","-0,88%"
"06.01.2025","6,800","6,800","6,800","6,760","37,45K","-0,73%"
"03.01.2025","6,850","6,860","6,860","6,850","20,74K","-0,72%"
"02.01.2025","6,900","6,940","6,940","6,900","15,29K","0,00%"
"31.12.2024","6,900","6,950","6,950","6,900","4,69K","-0,72%"
"30.12.2024","6,950","6,920","6,950","6,900","42,95K","0,00%"
"27.12.2024","6,950","6,950","6,950","6,900","54,02K","0,00%"
"26.12.2024","6,950","6,900","6,950","6,900","1,50M","1,02%"
"24.12.2024","6,880","6,880","6,900","6,880","545,97K","0,44%"
"23.12.2024","6,850","6,810","6,850","6,810","1,36M","0,74%"
"20.12.2024","6,800","6,800","6,850","6,800","58,42K","0,00%"
"19.12.2024","6,800","6,890","6,890","6,750","907,70K","0,74%"
"18.12.2024","6,750","6,700","6,750","6,700","298,94K","1,35%"
"17.12.2024","6,660","6,720","6,750","6,660","1,70M","-0,60%"
"16.12.2024","6,700","6,600","6,700","6,600","1,16M","2,29%"
"13.12.2024","6,550","6,600","6,720","6,550","866,39K","-0,91%"
"12.12.2024","6,610","6,530","6,610","6,530","4,70K","1,38%"
"11.12.2024","6,520","6,540","6,540","6,520","830,91K","-0,15%"
"10.12.2024","6,530","6,550","6,560","6,530","74,68K","0,15%"
"06.12.2024","6,520","6,520","6,520","6,520","510,41K","0,00%"
"05.12.2024","6,520","6,550","6,550","6,520","450,96K","0,00%"
"04.12.2024","6,520","6,520","6,520","6,520","101,17K","0,00%"
"03.12.2024","6,520","6,550","6,570","6,520","72,59K","-0,61%"
"02.12.2024","6,560","6,560","6,560","6,560","0,36K","0,15%"
"29.11.2024","6,550","6,550","6,650","6,550","2,64K","0,00%"
"28.11.2024","6,550","6,550","6,550","6,550","1,93K","0,00%"
"27.11.2024","6,550","6,650","6,650","6,550","572,59K","-1,50%"
"26.11.2024","6,650","6,600","6,650","6,600","317,70K","1,06%"
"25.11.2024","6,580","6,700","6,700","6,580","417,69K","-1,79%"
"22.11.2024","6,700","6,700","6,700","6,700","55,31K","0,75%"
"21.11.2024","6,650","6,650","6,650","6,620","181,21K","0,45%"
"20.11.2024","6,620","6,700","6,750","6,620","4,02M","1,22%"
"19.11.2024","6,540","6,600","6,600","6,540","126,49K","-0,91%"
"18.11.2024","6,600","6,640","6,640","6,600","8,41K","-0,60%"
"15.11.2024","6,640","6,510","6,640","6,510","5,88K","0,61%"
"14.11.2024","6,600","6,600","6,600","6,600","4,89K","-0,30%"
"13.11.2024","6,620","6,650","6,650","6,500","0,96K","0,30%"
"12.11.2024","6,600","6,600","6,600","6,600","4,68K","-0,45%"
"11.11.2024","6,630","6,650","6,650","6,630","84,70K","-1,34%"
"08.11.2024","6,720","6,700","6,720","6,700","56,53K","0,60%"
"07.11.2024","6,680","6,650","6,700","6,650","148,97K","-1,04%"
"06.11.2024","6,750","6,470","6,750","6,470","11,90M","4,33%"
"05.11.2024","6,470","6,500","6,500","6,470","41,67K","-0,46%"
"04.11.2024","6,500","6,500","6,600","6,500","17,90K","0,00%"
"31.10.2024","6,500","6,600","6,600","6,500","79,75K","-1,52%"
"30.10.2024","6,600","6,620","6,700","6,600","36,77K","0,00%"
"29.10.2024","6,600","6,550","6,600","6,550","53,99K","0,76%"
"28.10.2024","6,550","6,550","6,550","6,500","115,61K","0,00%"
"25.10.2024","6,550","6,600","6,600","6,550","12,67K","-0,76%"
"24.10.2024","6,600","6,500","6,600","6,400","12,11K","1,54%"
"23.10.2024","6,500","6,520","6,520","6,500","13,25K","-0,31%"
"22.10.2024","6,520","6,520","6,520","6,520","7,74K","-0,76%"
"21.10.2024","6,570","6,610","6,610","6,560","64,87K","0,31%"
"18.10.2024","6,550","6,550","6,560","6,550","38,62K","0,46%"
"17.10.2024","6,520","6,480","6,520","6,480","40,11K","0,00%"
"16.10.2024","6,520","6,520","6,520","6,520","9,04K","0,00%"
"15.10.2024","6,520","6,520","6,600","6,520","1,24K","0,00%"
"14.10.2024","6,520","6,500","6,520","6,500","102,14K","1,56%"
"11.10.2024","6,420","6,420","6,420","6,420","51,26K","-0,93%"
"10.10.2024","6,480","6,550","6,550","6,480","5,02K","0,93%"
"09.10.2024","6,420","6,450","6,460","6,300","54,62K","-1,23%"
"07.10.2024","6,500","6,500","6,500","6,500","8,32K","0,00%"
"04.10.2024","6,500","6,520","6,520","6,500","6,13K","-0,61%"
"03.10.2024","6,540","6,600","6,600","6,540","77,24K","-0,91%"
"02.10.2024","6,600","6,600","6,600","6,600","39,97K","-2,22%"
"01.10.2024","6,750","6,650","6,750","6,650","7,96K","1,50%"
"30.09.2024","6,650","6,730","6,750","6,600","2,37K","-1,48%"
"27.09.2024","6,750","6,650","6,750","6,600","3,52M","1,50%"
"26.09.2024","6,650","6,450","6,650","6,450","2,09M","1,84%"
"25.09.2024","6,530","6,480","6,530","6,470","0,48K","0,77%"
"24.09.2024","6,480","6,650","6,650","6,480","12,82K","-1,82%"
"23.09.2024","6,600","6,550","6,620","6,550","4,83M","2,17%"
"20.09.2024","6,460","6,500","6,500","6,460","65,28K","-0,62%"
"19.09.2024","6,500","6,500","6,500","6,500","1,72K","0,00%"
"18.09.2024","6,500","6,580","6,580","6,500","2,75K","-0,76%"
"17.09.2024","6,550","6,500","6,550","6,500","457,33K","-0,46%"
"16.09.2024","6,580","6,600","6,600","6,550","0,24K","0,00%"
"13.09.2024","6,580","6,600","6,600","6,580","4,22K","0,46%"
"12.09.2024","6,550","6,500","6,550","6,500","8,56K","0,77%"
"11.09.2024","6,500","6,500","6,500","6,500","7,01K","-0,31%"
"10.09.2024","6,520","6,600","6,620","6,520","10,63K","-1,21%"
"09.09.2024","6,600","6,600","6,600","6,600","6,41K","1,54%"
"06.09.2024","6,500","6,500","6,650","6,500","5,56K","-2,26%"
"05.09.2024","6,650","6,650","6,650","6,650","24,50M","0,00%"
"04.09.2024","6,650","6,570","6,650","6,560","2,47M","1,37%"
"03.09.2024","6,560","6,600","6,620","6,560","18,37K","-0,61%"
"02.09.2024","6,600","6,580","6,600","6,580","13,59K","0,30%"
"29.08.2024","6,580","6,580","6,580","6,580","3,39K","-1,05%"
"28.08.2024","6,650","6,630","6,650","6,600","0,30K","0,30%"
"27.08.2024","6,630","6,630","6,650","6,600","0,73K","0,00%"
"26.08.2024","6,630","6,580","6,630","6,580","10,70M","1,22%"
"23.08.2024","6,550","6,550","6,550","6,550","2,57K","-0,61%"
"22.08.2024","6,590","6,570","6,590","6,550","6,27M","0,61%"
"21.08.2024","6,550","6,550","6,550","6,550","5,84K","-0,30%"
"20.08.2024","6,570","6,550","6,570","6,500","8,70K","0,31%"
"19.08.2024","6,550","6,500","6,550","6,450","11,17K","0,46%"
"16.08.2024","6,520","6,520","6,520","6,520","5,07K","-1,06%"
"15.08.2024","6,590","6,590","6,590","6,590","1,44K","0,46%"
"14.08.2024","6,560","6,590","6,590","6,560","344,26K","-0,46%"
"13.08.2024","6,590","6,580","6,590","6,580","227,37K","0,15%"
"12.08.2024","6,580","6,580","6,580","6,580","224,22K","0,00%"
"09.08.2024","6,580","6,550","6,600","6,550","226,84K","0,46%"
"08.08.2024","6,550","6,550","6,550","6,550","3,99K","0,00%"
"07.08.2024","6,550","6,480","6,550","6,410","8,09K","1,08%"
"05.08.2024","6,480","6,480","6,480","6,300","23,20K","-1,22%"
"02.08.2024","6,560","6,650","6,650","6,550","13,37K","-0,61%"
"01.08.2024","6,600","6,650","6,650","6,600","8,52K","-0,75%"
"31.07.2024","6,650","6,750","6,750","6,650","33,93K","-1,19%"
"30.07.2024","6,730","6,740","6,750","6,730","7,10K","-0,44%"
"26.07.2024","6,760","6,700","6,760","6,650","159,38K","1,81%"
"25.07.2024","6,640","6,580","6,640","6,570","4,68K","0,91%"
"24.07.2024","6,580","6,550","6,580","6,550","186,42K","0,30%"
"22.07.2024","6,560","6,590","6,600","6,560","13,07K","-0,46%"
"19.07.2024","6,590","6,600","6,600","6,590","7,85K","0,46%"
"18.07.2024","6,560","6,580","6,600","6,560","36,04K","-0,30%"
"17.07.2024","6,580","6,580","6,600","6,580","67,29K","-0,30%"
"16.07.2024","6,600","6,600","6,650","6,510","100,14K","0,00%"
"15.07.2024","6,600","6,550","6,600","6,550","5,91K","0,76%"
"12.07.2024","6,550","6,550","6,550","6,550","169,49K","0,61%"
"11.07.2024","6,510","6,570","6,570","6,500","97,46K","-0,91%"
"10.07.2024","6,570","6,600","6,600","6,570","5,61K","0,00%"
"09.07.2024","6,570","6,580","6,580","6,570","220,26K","-0,15%"
"08.07.2024","6,580","6,580","6,580","6,500","25,29K","0,00%"
"05.07.2024","6,580","6,550","6,590","6,550","101,69K","3,62%"
"04.07.2024","6,350","6,210","6,350","6,210","78,93K","0,79%"
"03.07.2024","6,300","6,300","6,300","6,300","0,77K","1,61%"
"02.07.2024","6,200","6,250","6,250","6,200","17,02K","-1,59%"
"01.07.2024","6,300","6,340","6,340","6,300","6,09K","-0,63%"
"28.06.2024","6,340","6,300","6,340","6,300","5,49K","0,48%"
"27.06.2024","6,310","6,300","6,310","6,300","0,38K","0,16%"
"26.06.2024","6,300","6,300","6,300","6,300","7,74K","1,61%"
"25.06.2024","6,200","6,200","6,300","6,200","1,51M","0,00%"
"24.06.2024","6,200","6,200","6,200","6,200","9,02K","1,14%"
"21.06.2024","6,130","6,150","6,150","6,130","103,94K","-1,13%"
"20.06.2024","6,200","6,300","6,300","6,200","8,69K","-0,16%"
"19.06.2024","6,210","6,300","6,300","6,210","607,33K","-1,43%"
"18.06.2024","6,300","6,300","6,300","6,300","21,13K","0,32%"
"17.06.2024","6,280","6,260","6,280","6,260","10,38K","0,32%"
"14.06.2024","6,260","6,210","6,260","6,210","794,66K","0,81%"
"13.06.2024","6,210","6,210","6,210","6,210","19,54K","0,00%"
"12.06.2024","6,210","6,230","6,230","6,210","15,40K","0,16%"
"11.06.2024","6,200","6,200","6,200","6,200","31,25K","0,00%"
"10.06.2024","6,200","6,200","6,200","6,200","57,76K","0,16%"
"06.06.2024","6,190","6,150","6,190","6,150","42,24K","0,00%"
"05.06.2024","6,190","6,210","6,300","6,190","1,46M","-0,16%"
"04.06.2024","6,200","6,180","6,500","6,150","25,15M","0,00%"
"03.06.2024","6,200","6,200","6,200","6,200","12,56K","0,00%"
"31.05.2024","6,200","6,200","6,200","6,200","167,37K","0,00%"
"30.05.2024","6,200","6,250","6,250","6,150","43,39K","-1,59%"
"29.05.2024","6,300","6,500","6,500","6,300","30,61K","-3,08%"
"28.05.2024","6,500","6,550","6,700","6,500","11,17M","-0,76%"
"27.05.2024","6,550","6,550","6,550","6,550","1,70K","0,00%"
"24.05.2024","6,550","6,560","6,560","6,500","8,78K","0,00%"
"23.05.2024","6,550","6,890","6,890","6,550","15,09K","-5,07%"
"22.05.2024","6,900","6,510","6,900","6,500","40,01M","4,86%"
"21.05.2024","6,580","6,600","6,650","6,520","99,89K","-0,30%"
"20.05.2024","6,600","6,450","6,600","6,450","41,15K","1,54%"
"17.05.2024","6,500","6,600","6,600","6,500","123,88K","-0,76%"
"16.05.2024","6,550","6,550","6,600","6,530","167,57K","0,00%"
"15.05.2024","6,550","6,580","6,580","6,510","150,47K","0,00%"
"14.05.2024","6,550","6,600","6,600","6,500","49,52K","-0,76%"
"13.05.2024","6,600","6,550","6,600","6,550","55,10K","0,76%"
"10.05.2024","6,550","6,500","6,550","6,500","58,42K","-1,50%"
"09.05.2024","6,650","6,400","6,700","6,400","4,40M","2,31%"
"08.05.2024","6,500","6,400","6,500","6,400","48,78K","0,00%"
"07.05.2024","6,500","6,200","6,500","6,200","4,54M","4,00%"
"06.05.2024","6,250","6,200","6,250","6,200","411,73K","0,81%"
"03.05.2024","6,200","6,100","6,200","6,100","1,01M","0,81%"
"02.05.2024","6,150","6,040","6,250","6,040","22,20K","1,82%"
"30.04.2024","6,040","6,050","6,050","6,040","11,35K","0,67%"
"29.04.2024","6,000","5,990","6,050","5,990","17,47K","1,18%"
"26.04.2024","5,930","5,810","5,930","5,810","100,51K","2,07%"
"25.04.2024","5,810","5,810","5,810","5,810","3,40K","0,17%"
"24.04.2024","5,800","5,750","5,800","5,750","81,78K","0,87%"
"23.04.2024","5,750","5,750","5,750","5,750","11,54K","0,00%"
"22.04.2024","5,750","5,750","5,750","5,750","127,87K","0,00%"
"19.04.2024","5,750","5,750","5,750","5,750","44,50K","0,88%"
"18.04.2024","5,700","5,550","5,700","5,550","272,96K","4,40%"
"17.04.2024","5,460","5,400","5,500","5,300","490,25K","3,02%"
"16.04.2024","5,300","5,240","5,300","5,240","64,95K","1,15%"
"15.04.2024","5,240","5,270","5,270","5,240","71,13K","0,00%"
"12.04.2024","5,240","5,350","5,350","5,230","334,16K","-2,96%"
"11.04.2024","5,400","5,440","5,500","5,400","159,24K","-0,74%"
"10.04.2024","5,440","5,510","5,510","5,440","76,63K","-1,63%"
"09.04.2024","5,530","5,620","5,620","5,530","47,20K","-2,98%"
"08.04.2024","5,700","5,800","5,800","5,700","38,63K","-1,72%"
"05.04.2024","5,800","5,980","5,980","5,700","35,54K","-3,01%"
"04.04.2024","5,980","6,050","6,050","5,980","20,47K","-1,48%"
"03.04.2024","6,070","6,100","6,100","6,070","29,33K","-0,49%"
"02.04.2024","6,100","6,130","6,130","6,100","148,00K","-0,65%"
"01.04.2024","6,140","6,200","6,250","6,140","36,12K","-2,54%"
"27.03.2024","6,300","6,500","6,500","6,300","42,50K","-4,55%"
"26.03.2024","6,600","6,800","6,800","6,600","21,89K","-2,22%"
"25.03.2024","6,750","6,750","6,750","6,750","1,06K","-0,74%"
"22.03.2024","6,800","6,850","6,900","6,800","45,18K","0,00%"
"21.03.2024","6,800","6,850","6,850","6,800","150,76K","-0,73%"
"20.03.2024","6,850","6,850","6,850","6,850","135,69K","-0,72%"
"19.03.2024","6,900","6,850","6,910","6,850","117,35K","0,00%"
"18.03.2024","6,900","6,900","6,900","6,900","41,99K","0,00%"
"15.03.2024","6,900","6,930","6,930","6,900","122,60K","-0,14%"
"14.03.2024","6,910","6,920","6,920","6,900","23,53K","-0,14%"
"13.03.2024","6,920","6,900","6,920","6,900","91,73K","-0,14%"
"12.03.2024","6,930","6,930","6,930","6,900","79,21K","0,00%"
"11.03.2024","6,930","6,930","6,930","6,930","26,97K","0,00%"
"08.03.2024","6,930","6,920","6,930","6,920","363,50K","0,14%"
"07.03.2024","6,920","7,000","7,000","6,900","41,18K","-0,43%"
"06.03.2024","6,950","6,900","7,000","6,900","2,01M","1,16%"
"05.03.2024","6,870","6,870","6,870","6,870","1,68K","0,29%"
"04.03.2024","6,850","6,780","6,850","6,780","75,11K","1,03%"
"01.03.2024","6,780","6,680","6,780","6,680","18,02K","1,50%"
"29.02.2024","6,680","6,650","7,150","6,650","166,91K","1,21%"
"28.02.2024","6,600","6,600","6,620","6,600","3,00M","1,54%"
"27.02.2024","6,500","6,550","6,570","6,500","5,92K","-0,76%"
"26.02.2024","6,550","6,500","6,550","6,500","11,59K","0,77%"
"23.02.2024","6,500","6,500","6,500","6,500","14,48K","0,00%"
"22.02.2024","6,500","6,500","6,500","6,500","34,89K","0,00%"
"21.02.2024","6,500","6,500","6,550","6,500","15,96K","0,00%"
"20.02.2024","6,500","6,500","6,520","6,500","36,43K","0,00%"
"19.02.2024","6,500","6,600","6,600","6,500","3,07K","-0,31%"
"16.02.2024","6,520","6,530","6,530","6,520","240,97K","-0,46%"
"15.02.2024","6,550","6,520","6,550","6,520","29,08K","0,77%"
"14.02.2024","6,500","6,500","6,500","6,500","20,94K","0,00%"
"13.02.2024","6,500","6,500","6,500","6,450","19,99K","0,00%"
"12.02.2024","6,500","6,500","6,500","6,500","21,34K","0,78%"
"09.02.2024","6,450","6,470","6,470","6,450","5,24K","-0,77%"
"08.02.2024","6,500","6,450","6,500","6,450","13,15K","0,78%"
"07.02.2024","6,450","6,500","6,500","6,450","2,62K","-0,77%"
"06.02.2024","6,500","6,500","6,500","6,500","48,99K","0,00%"
"05.02.2024","6,500","6,480","6,500","6,480","31,73K","0,31%"
"02.02.2024","6,480","6,450","6,480","6,450","5,11K","-0,31%"
"01.02.2024","6,500","6,500","6,500","6,500","0,73K","0,00%"
"31.01.2024","6,500","6,500","6,500","6,490","40,27K","0,00%"
"30.01.2024","6,500","6,490","6,500","6,490","9,93K","0,15%"
"29.01.2024","6,490","6,450","6,490","6,450","43,12K","-0,15%"
"26.01.2024","6,500","6,460","6,500","6,400","31,90K","0,62%"
"25.01.2024","6,460","6,480","6,480","6,400","149,15K","-0,31%"
"24.01.2024","6,480","6,400","6,480","6,400","45,97K","1,57%"
"23.01.2024","6,380","6,290","6,380","6,290","106,76K","2,08%"
"22.01.2024","6,250","6,250","6,250","6,250","37,19K","-0,64%"
"19.01.2024","6,290","6,290","6,290","6,290","2,34K","0,00%"
"18.01.2024","6,290","6,220","6,290","6,220","6,52K","1,13%"
"17.01.2024","6,220","6,150","6,220","6,150","11,50K","0,32%"
"16.01.2024","6,200","6,200","6,200","6,200","2,32K","0,00%"
"15.01.2024","6,200","6,150","6,200","6,150","14,63K","0,00%"
"12.01.2024","6,200","6,220","6,220","6,200","37,76K","-0,32%"
"11.01.2024","6,220","6,200","6,220","6,200","50,06K","0,32%"
"10.01.2024","6,200","6,200","6,200","6,200","16,82K","-0,80%"
"09.01.2024","6,250","6,250","6,250","6,250","5,27K","-0,79%"
"08.01.2024","6,300","6,300","6,300","6,200","2,50K","0,00%"
"05.01.2024","6,300","6,250","6,300","6,250","51,39K","0,80%"
"04.01.2024","6,250","6,250","6,300","6,250","13,15K","0,81%"
"03.01.2024","6,200","6,200","6,200","6,200","1,15K","-0,80%"
"02.01.2024","6,250","6,300","6,400","6,250","0,71K","-0,79%"
"29.12.2023","6,300","6,200","6,300","6,200","661,43K","1,61%"
"28.12.2023","6,200","6,250","6,250","6,000","21,98K","0,00%"
"27.12.2023","6,200","6,200","6,200","6,180","64,56K","0,00%"
"26.12.2023","6,200","6,200","6,200","6,200","49,48K","-0,16%"
"22.12.2023","6,210","6,210","6,210","6,210","161,94K","0,00%"
"21.12.2023","6,210","6,300","6,300","6,180","63,30K","-0,64%"
"20.12.2023","6,250","6,250","6,250","6,150","24,39K","0,81%"
"19.12.2023","6,200","6,200","6,210","6,200","264,58K","0,00%"
"18.12.2023","6,200","6,200","6,200","6,050","24,97K","0,00%"
"15.12.2023","6,200","6,100","6,200","6,000","144,10K","1,64%"
"14.12.2023","6,100","5,950","6,100","5,950","101,91K","2,52%"
"13.12.2023","5,950","5,900","5,950","5,900","13,50K","0,85%"
"12.12.2023","5,900","5,900","5,910","5,900","31,22K","0,00%"
"11.12.2023","5,900","5,900","5,900","5,900","109,65K","0,85%"
"07.12.2023","5,850","5,850","5,850","5,850","2,11K","-0,85%"
"06.12.2023","5,900","5,900","5,900","5,900","4,52K","0,00%"
"05.12.2023","5,900","5,850","5,900","5,850","81,29K","1,37%"
"04.12.2023","5,820","5,800","5,820","5,800","10,36K","1,22%"
"01.12.2023","5,750","5,750","5,800","5,750","636,81K","-0,52%"
"30.11.2023","5,780","5,780","5,780","5,780","196,63K","-1,20%"
"29.11.2023","5,850","5,790","5,850","5,750","2,03M","0,00%"
"28.11.2023","5,850","5,850","5,850","5,850","24,79K","0,86%"
"27.11.2023","5,800","5,750","5,800","5,700","41,53K","0,87%"
"24.11.2023","5,750","5,700","5,750","5,700","26,87K","0,00%"
"23.11.2023","5,750","5,700","5,780","5,700","318,02K","0,00%"
"22.11.2023","5,750","5,750","5,750","5,750","17,78K","0,00%"
"21.11.2023","5,750","5,750","5,750","5,700","23,21K","0,00%"
"20.11.2023","5,750","5,900","5,900","5,750","8,96K","-2,54%"
"17.11.2023","5,900","5,810","5,900","5,810","24,46K","2,61%"
"16.11.2023","5,750","5,750","5,750","5,750","3,82K","0,88%"
"15.11.2023","5,700","5,700","5,700","5,700","44,61K","-0,87%"
"14.11.2023","5,750","5,800","5,800","5,750","37,09K","-1,71%"
"13.11.2023","5,850","5,850","5,850","5,850","6,61K","-0,85%"
"10.11.2023","5,900","5,900","5,900","5,900","18,15K","0,85%"
"09.11.2023","5,850","5,850","5,850","5,850","1,76K","0,86%"
"08.11.2023","5,800","5,800","5,800","5,800","3,24K","1,75%"
"07.11.2023","5,700","5,700","5,700","5,700","278,81K","0,00%"
"06.11.2023","5,700","5,600","5,700","5,600","10,59K","1,79%"
"03.11.2023","5,600","5,600","5,650","5,600","127,28K","-0,18%"
"02.11.2023","5,610","5,800","5,800","5,570","88,26K","-3,28%"
"31.10.2023","5,800","5,850","5,850","5,800","21,91K","-0,85%"
"30.10.2023","5,850","5,900","5,900","5,850","133,30K","-1,68%"
"27.10.2023","5,950","5,900","5,950","5,900","91,64K","0,85%"
"26.10.2023","5,900","5,900","5,900","5,900","9,99K","0,00%"
"25.10.2023","5,900","5,950","5,950","5,900","8,60K","0,00%"
"24.10.2023","5,900","6,000","6,000","5,900","8,64K","0,00%"
"23.10.2023","5,900","5,900","6,000","5,900","225,48K","0,00%"
"20.10.2023","5,900","5,900","5,900","5,900","80,91K","1,03%"
"19.10.2023","5,840","5,840","5,840","5,840","7,85K","1,04%"
"18.10.2023","5,780","5,640","5,780","5,600","304,46K","0,00%"
"17.10.2023","5,780","5,750","5,800","5,750","222,55K","0,52%"
"16.10.2023","5,750","5,950","5,950","5,750","34,27K","-3,36%"
"13.10.2023","5,950","5,950","5,950","5,950","19,53K","-0,67%"
"12.10.2023","5,990","5,990","5,990","5,990","0,56K","-0,17%"
"11.10.2023","6,000","6,000","6,000","5,990","130,33K","0,00%"
"10.10.2023","6,000","6,000","6,000","6,000","3,85K","0,67%"
"09.10.2023","5,960","6,000","6,000","5,960","95,16K","-2,30%"
"06.10.2023","6,100","6,150","6,150","6,100","17,08K","-0,81%"
"05.10.2023","6,150","6,160","6,160","6,150","113,28K","-0,49%"
"04.10.2023","6,180","6,180","6,180","6,180","3,55K","-0,16%"
"03.10.2023","6,190","6,200","6,200","6,160","13,06K","-0,16%"
"02.10.2023","6,200","6,160","6,200","6,160","12,09K","0,00%"
"29.09.2023","6,200","6,200","6,200","6,200","8,55K","-0,32%"
"28.09.2023","6,220","6,150","6,220","6,150","8,82K","1,14%"
"27.09.2023","6,150","6,190","6,200","6,150","10,61K","0,00%"
"26.09.2023","6,150","6,180","6,180","6,150","115,76K","-0,81%"
"25.09.2023","6,200","6,200","6,200","6,200","4,89K","0,32%"
"22.09.2023","6,180","6,280","6,280","6,170","0,68K","-0,32%"
"21.09.2023","6,200","6,200","6,200","6,200","1,99K","0,16%"
"20.09.2023","6,190","6,150","6,190","6,150","16,04K","0,00%"
"19.09.2023","6,190","6,190","6,200","6,150","7,54K","0,00%"
"18.09.2023","6,190","6,190","6,190","6,190","0,90K","0,00%"
"15.09.2023","6,190","6,250","6,250","6,190","64,33K","-0,96%"
"14.09.2023","6,250","6,180","6,250","6,180","55,21K","0,32%"
"13.09.2023","6,230","6,200","6,230","6,200","301,04K","0,48%"
"12.09.2023","6,200","6,240","6,240","6,200","268,84K","-0,64%"
"11.09.2023","6,240","6,250","6,250","6,240","321,05K","-0,16%"
"08.09.2023","6,250","6,250","6,250","6,250","13,45K","0,00%"
"07.09.2023","6,250","6,250","6,290","6,250","161,64K","0,00%"
"06.09.2023","6,250","6,250","6,250","6,250","1,44K","0,00%"
"05.09.2023","6,250","6,330","6,330","6,250","48,47K","-0,79%"
"04.09.2023","6,300","6,300","6,300","6,300","7,02K","-0,79%"
"01.09.2023","6,350","6,350","6,350","6,250","48,96K","0,00%"
"31.08.2023","6,350","6,250","6,350","6,250","228,10K","1,44%"
"29.08.2023","6,260","6,250","6,350","6,250","4,60K","-0,63%"
"28.08.2023","6,300","6,300","6,300","6,300","2,60K","0,80%"
"25.08.2023","6,250","6,250","6,250","6,240","202,04K","0,00%"
"24.08.2023","6,250","6,280","6,280","6,250","440,21K","-0,79%"
"23.08.2023","6,300","6,300","6,300","6,300","52,48K","0,00%"
"22.08.2023","6,300","6,300","6,300","6,300","10,03K","0,80%"
"21.08.2023","6,250","6,400","6,400","6,250","53,53K","-2,34%"
"18.08.2023","6,400","6,250","6,400","6,200","168,96K","1,59%"
"17.08.2023","6,300","6,350","6,350","6,250","73,83K","0,80%"
"16.08.2023","6,250","6,380","6,400","6,200","559,28K","-2,34%"
"15.08.2023","6,400","6,390","6,400","6,390","34,47K","0,00%"
"14.08.2023","6,400","6,450","6,500","6,400","15,87K","0,00%"
"11.08.2023","6,400","6,450","6,450","6,400","52,90K","0,00%"
"10.08.2023","6,400","6,500","6,510","6,400","151,54K","-1,54%"
"09.08.2023","6,500","6,590","6,600","6,500","121,44K","-1,37%"
"08.08.2023","6,590","6,760","6,760","6,500","203,20K","-7,18%"
"07.08.2023","7,100","7,100","7,100","7,100","47,64K","0,00%"
"04.08.2023","7,100","7,000","7,150","7,000","627,31K","2,75%"
"03.08.2023","6,910","6,980","6,980","6,910","10,53K","-5,34%"
"02.08.2023","7,300","7,100","7,300","7,100","2,42M","0,69%"
"01.08.2023","7,250","7,080","7,250","6,990","311,49K","2,11%"
"31.07.2023","7,100","7,000","7,100","7,000","87,55K","1,43%"
"27.07.2023","7,000","7,000","7,000","7,000","6,30K","-0,43%"
"26.07.2023","7,030","7,050","7,050","7,000","199,69K","-0,28%"
"25.07.2023","7,050","7,000","7,070","6,900","279,17K","0,00%"
"24.07.2023","7,050","7,100","7,100","7,000","18,08K","-0,70%"
"21.07.2023","7,100","7,100","7,100","7,080","148,86K","0,00%"
"20.07.2023","7,100","7,100","7,100","7,100","19,03K","0,00%"
"19.07.2023","7,100","7,100","7,100","7,100","11,14K","-0,42%"
"18.07.2023","7,130","7,150","7,150","7,100","58,38K","0,00%"
"17.07.2023","7,130","7,120","7,150","7,120","20,87K","-0,56%"
"14.07.2023","7,170","7,150","7,170","7,150","31,32K","0,28%"
"13.07.2023","7,150","7,160","7,170","7,150","220,31K","0,00%"
"12.07.2023","7,150","7,130","7,150","7,130","209,23K","0,28%"
"11.07.2023","7,130","7,100","7,130","7,000","138,06K","0,42%"
"10.07.2023","7,100","7,000","7,120","7,000","1,81M","10,94%"
"07.07.2023","6,400","6,250","6,400","6,250","50,09K","3,23%"
"06.07.2023","6,200","6,240","6,240","6,200","12,31K","0,00%"
"05.07.2023","6,200","6,200","6,210","6,200","97,54K","0,00%"
"04.07.2023","6,200","6,250","6,250","6,200","28,20K","-0,80%"
"03.07.2023","6,250","6,260","6,260","6,250","8,56K","-0,16%"
"30.06.2023","6,260","6,250","6,260","6,250","25,33K","0,16%"
"28.06.2023","6,250","6,260","6,260","6,250","53,08K","0,00%"
"27.06.2023","6,250","6,300","6,300","6,250","198,75K","-2,34%"
"26.06.2023","6,400","6,500","6,500","6,400","25,56K","-1,54%"
"23.06.2023","6,500","6,550","6,550","6,500","9,94K","-0,76%"
"22.06.2023","6,550","6,550","6,550","6,550","19,25K","0,00%"
"21.06.2023","6,550","6,550","6,550","6,450","304,77K","-0,76%"
"20.06.2023","6,600","6,540","6,610","6,540","141,43K","1,38%"
"19.06.2023","6,510","6,340","6,510","6,340","115,35K","3,33%"
"16.06.2023","6,300","6,300","6,300","6,290","110,57K","0,80%"
"15.06.2023","6,250","6,250","6,250","6,250","371,11K","0,81%"
"14.06.2023","6,200","6,300","6,300","6,200","26,84K","-1,43%"
"13.06.2023","6,290","6,200","6,300","6,200","186,94K","1,94%"
"12.06.2023","6,170","6,150","6,170","6,150","19,20K","0,33%"
"09.06.2023","6,150","6,150","6,200","6,150","43,92K","0,00%"
"08.06.2023","6,150","6,200","6,200","6,150","5,94K","-0,81%"
"07.06.2023","6,200","6,200","6,200","6,200","7,90K","0,00%"
"06.06.2023","6,200","6,210","6,210","6,200","219,34K","0,00%"
"05.06.2023","6,200","6,200","6,200","6,200","56,85K","0,00%"
"02.06.2023","6,200","6,190","6,200","6,190","65,96K","0,00%"
"01.06.2023","6,200","6,300","6,300","6,200","690,10K","0,00%"
"31.05.2023","6,200","6,080","6,200","6,080","779,20K","1,64%"
"30.05.2023","6,100","6,080","6,100","6,040","480,33K","0,83%"
"29.05.2023","6,050","6,050","6,050","6,040","23,70K","0,83%"
"26.05.2023","6,000","6,050","6,050","6,000","199,88K","0,33%"
"25.05.2023","5,980","6,050","6,050","5,980","79,29K","-0,83%"
"24.05.2023","6,030","5,980","6,030","5,980","24,82K","0,67%"
"23.05.2023","5,990","5,990","5,990","5,990","3,62K","0,00%"
"22.05.2023","5,990","6,000","6,000","5,990","18,44K","-0,17%"
"19.05.2023","6,000","6,070","6,070","6,000","1,53M","-1,15%"
"18.05.2023","6,070","6,170","6,170","6,070","9,32K","-0,82%"
"17.05.2023","6,120","6,120","6,120","6,120","718,11K","0,00%"
"16.05.2023","6,120","6,150","6,150","6,110","1,04M","0,33%"
"15.05.2023","6,100","6,100","6,100","6,100","18,73K","0,00%"
"12.05.2023","6,100","6,050","6,200","6,050","213,01K","0,83%"
"11.05.2023","6,050","6,050","6,050","6,000","1,27K","0,00%"
"10.05.2023","6,050","6,010","6,050","5,860","185,40K","0,00%"
"09.05.2023","6,050","5,970","6,050","5,970","44,04K","1,17%"
"08.05.2023","5,980","5,980","5,980","5,980","8,86K","1,36%"
"05.05.2023","5,900","5,850","5,900","5,850","25,42K","0,85%"
"04.05.2023","5,850","5,900","5,900","5,850","258,57K","-0,85%"
"03.05.2023","5,900","6,260","6,260","5,900","153,78K","-6,05%"
"02.05.2023","6,280","6,410","6,410","6,280","25,96K","-2,03%"
"28.04.2023","6,410","6,410","6,410","6,410","17,90K","0,00%"
"27.04.2023","6,410","6,450","6,450","6,410","17,94K","-1,23%"
"26.04.2023","6,490","6,490","6,500","6,450","13,36K","-0,15%"
"25.04.2023","6,500","6,450","6,500","6,450","5,15K","0,78%"
"24.04.2023","6,450","6,500","6,500","6,420","1,02K","0,00%"
"21.04.2023","6,450","6,450","6,450","6,450","4,81K","0,00%"
"20.04.2023","6,450","6,330","6,500","6,330","34,30K","1,07%"
"19.04.2023","6,382","6,334","6,382","6,334","4,40K","0,76%"
"18.04.2023","6,334","6,363","6,411","6,334","38,87K","-0,60%"
"17.04.2023","6,372","6,372","6,372","6,372","9,12K","0,76%"
"14.04.2023","6,325","6,325","6,372","6,325","166,98K","0,76%"
"13.04.2023","6,277","6,325","6,334","6,277","37,65K","-0,76%"
"12.04.2023","6,325","6,286","6,325","6,286","10,01K","0,76%"
"11.04.2023","6,277","6,257","6,277","6,257","4,34K","-3,44%"
"10.04.2023","6,500","6,500","6,500","6,500","8,51K","3,56%"
"05.04.2023","6,277","6,277","6,277","6,277","4,28K","1,55%"
"04.04.2023","6,181","6,181","6,181","6,162","141,56K","0,62%"
"03.04.2023","6,142","6,133","6,229","6,133","14,05K","-1,38%"
"31.03.2023","6,229","6,229","6,229","6,229","0,99K","0,78%"
"30.03.2023","6,181","6,114","6,181","6,085","53,43K","1,57%"
"29.03.2023","6,085","6,133","6,133","6,085","37,18K","-4,92%"
"28.03.2023","6,400","6,420","6,450","6,400","25,71K","4,03%"
"27.03.2023","6,152","6,152","6,152","6,152","11,32K","-0,16%"
"24.03.2023","6,162","6,152","6,162","6,152","8,03K","-3,88%"
"23.03.2023","6,410","6,450","6,450","6,400","604,08K","-2,14%"
"22.03.2023","6,550","6,610","6,610","6,500","118,29K","2,79%"
"21.03.2023","6,372","6,334","6,372","6,334","2,20M","0,61%"
"20.03.2023","6,334","6,325","6,334","6,325","40,95K","0,15%"
"17.03.2023","6,325","6,181","6,334","6,181","996,53K","1,54%"
"16.03.2023","6,229","6,238","6,238","6,200","7,62K","0,78%"
"15.03.2023","6,181","6,104","6,181","6,104","426,02K","0,62%"
"14.03.2023","6,142","6,114","6,142","6,114","29,25K","0,63%"
"13.03.2023","6,104","6,104","6,104","6,104","3,79K","-4,62%"
"10.03.2023","6,400","6,340","6,400","6,250","41,40K","5,18%"
"09.03.2023","6,085","6,085","6,085","6,085","6,71K","-4,17%"
"08.03.2023","6,350","6,350","6,350","6,350","1,87K","4,36%"
"07.03.2023","6,085","6,037","6,085","6,037","12,43K","0,79%"
"06.03.2023","6,037","6,037","6,037","6,037","25,29K","-0,47%"
"03.03.2023","6,066","6,133","6,133","6,066","15,31K","-1,09%"
"02.03.2023","6,133","6,123","6,133","6,123","10,07K","0,00%"
"01.03.2023","6,133","6,133","6,133","6,133","5,14K","0,00%"
"28.02.2023","6,133","6,181","6,181","6,037","168,04K","-0,78%"
"27.02.2023","6,181","6,181","6,181","6,181","33,67K","-0,15%"
"24.02.2023","6,190","6,133","6,210","6,133","4,48K","0,16%"
"23.02.2023","6,181","6,181","6,181","6,181","36,07K","0,00%"
"22.02.2023","6,181","6,181","6,181","6,181","7,44K","-0,77%"
"21.02.2023","6,229","6,277","6,277","6,229","37,55K","-1,52%"
"20.02.2023","6,325","6,516","6,516","6,238","1,65K","-0,75%"
"17.02.2023","6,372","6,334","6,372","6,334","11,28K","0,76%"
"16.02.2023","6,325","6,229","6,325","6,181","47,66K","3,13%"
"15.02.2023","6,133","6,133","6,133","6,133","10,09K","0,00%"
"14.02.2023","6,133","6,085","6,133","6,085","5,57K","0,79%"
"13.02.2023","6,085","6,037","6,085","6,027","106,50K","0,79%"
"10.02.2023","6,037","6,037","6,037","6,037","3,61K","0,00%"
"09.02.2023","6,037","6,037","6,085","6,037","105,57K","0,00%"
"08.02.2023","6,037","6,037","6,037","6,037","75,24K","0,00%"
"07.02.2023","6,037","6,037","6,037","6,037","2,89K","-0,79%"
"06.02.2023","6,085","6,008","6,085","5,941","9,27K","1,28%"
"03.02.2023","6,008","6,037","6,037","6,008","53,18K","-0,32%"
"02.02.2023","6,027","6,027","6,027","6,027","2,47K","0,32%"
"01.02.2023","6,008","5,941","6,037","5,941","14,88K","1,13%"
"31.01.2023","5,941","6,037","6,037","5,941","32,24K","-2,05%"
"30.01.2023","6,066","6,133","6,133","5,941","43,84K","-1,09%"
"27.01.2023","6,133","6,229","6,229","6,133","15,84K","-5,65%"
"26.01.2023","6,500","6,550","6,550","6,500","7,25K","3,56%"
"25.01.2023","6,277","6,296","6,296","6,277","12,75K","-0,30%"
"24.01.2023","6,296","6,325","6,325","6,286","23,57K","-5,04%"
"23.01.2023","6,630","6,600","6,630","6,600","14,85K","4,83%"
"20.01.2023","6,325","6,325","6,325","6,325","8,81K","1,54%"
"19.01.2023","6,229","6,305","6,305","6,229","1,44K","-0,61%"
"18.01.2023","6,267","6,315","6,344","6,229","103,61K","-5,62%"
"17.01.2023","6,640","6,600","6,640","6,550","41,43K","3,73%"
"16.01.2023","6,401","6,420","6,420","6,372","9,12K","-0,30%"
"13.01.2023","6,420","6,372","6,420","6,372","8,26K","0,00%"
"12.01.2023","6,420","6,468","6,468","6,411","388,70K","-4,88%"
"11.01.2023","6,750","6,750","6,750","6,750","15,74K","4,36%"
"10.01.2023","6,468","6,439","6,468","6,439","7,87K","-4,17%"
"09.01.2023","6,750","6,800","6,800","6,750","33,76K","0,00%"
"06.01.2023","6,750","6,750","6,750","6,750","16,13K","-0,74%"
"05.01.2023","6,800","6,800","6,800","6,800","8,47K","0,74%"
"04.01.2023","6,750","6,800","6,800","6,750","29,97K","0,00%"
"03.01.2023","6,750","6,750","6,750","6,750","19,60K","0,00%"
"02.01.2023","6,750","6,750","6,750","6,750","0,24K","0,00%"
"30.12.2022","6,750","6,750","6,750","6,750","7,09K","-1,03%"
"29.12.2022","6,820","6,800","6,900","6,800","10,86K","0,29%"
"28.12.2022","6,800","6,720","6,800","6,700","20,17K","0,74%"
"27.12.2022","6,750","6,750","6,750","6,750","5,06K","0,45%"
"26.12.2022","6,720","6,550","6,720","6,550","10,13K","2,60%"
"23.12.2022","6,550","6,500","6,550","6,500","7,13K","2,34%"
"22.12.2022","6,400","6,400","6,400","6,400","11,19K","-0,16%"
"21.12.2022","6,410","6,360","6,410","6,360","139,17K","0,94%"
"20.12.2022","6,350","6,300","6,350","6,300","1,04M","0,79%"
"19.12.2022","6,300","6,300","6,450","6,300","316,56K","0,00%"
"16.12.2022","6,300","6,460","6,460","6,300","364,28K","-2,48%"
"15.12.2022","6,460","6,450","6,460","6,450","263,17K","-1,37%"
"14.12.2022","6,550","6,500","6,560","6,500","12,50K","-0,15%"
"13.12.2022","6,560","6,690","6,690","6,560","67,18K","-2,09%"
"12.12.2022","6,700","7,050","7,050","6,650","41,89K","-5,50%"
"07.12.2022","7,090","6,510","7,100","6,450","103,88K","7,42%"
"06.12.2022","6,600","6,500","6,600","6,480","1,13M","1,54%"
"05.12.2022","6,500","6,550","6,550","6,500","307,92K","-2,26%"
"02.12.2022","6,650","6,650","6,650","6,650","132,58K","-0,75%"
"01.12.2022","6,700","6,690","6,700","6,680","36,96K","0,00%"
"30.11.2022","6,700","6,820","6,820","6,700","1,29M","-1,76%"
"29.11.2022","6,820","6,820","6,820","6,820","3,22K","0,29%"
"28.11.2022","6,800","7,000","7,000","6,800","129,93K","-3,55%"
"25.11.2022","7,050","7,150","7,200","7,050","31,51M","-1,40%"
"24.11.2022","7,150","7,150","7,150","7,150","8,50K","-0,69%"
"23.11.2022","7,200","7,000","7,200","7,000","3,27M","3,60%"
"22.11.2022","6,950","6,900","7,000","6,900","1,11M","0,72%"
"21.11.2022","6,900","7,000","7,000","6,900","141,87K","-1,57%"
"18.11.2022","7,010","7,050","7,050","7,000","19,15K","-1,68%"
"17.11.2022","7,130","7,020","7,130","7,020","18,32K","-0,97%"
"16.11.2022","7,200","7,000","7,200","7,000","1,89M","2,86%"
"15.11.2022","7,000","7,100","7,100","7,000","7,00K","-2,78%"
"14.11.2022","7,200","7,090","7,200","7,000","637,73K","0,00%"
"11.11.2022","7,200","6,750","7,200","6,750","18,62M","5,88%"
"10.11.2022","6,800","6,750","6,800","6,750","109,87K","0,74%"
"09.11.2022","6,750","6,650","6,810","6,650","97,63K","1,50%"
"08.11.2022","6,650","6,650","6,670","6,650","41,42K","-0,75%"
"07.11.2022","6,700","6,800","6,800","6,700","22,51K","-1,47%"
"04.11.2022","6,800","6,950","6,950","6,600","58,34K","-2,86%"
"03.11.2022","7,000","6,550","7,010","6,550","6,44M","7,69%"
"02.11.2022","6,500","6,300","6,600","6,300","563,40K","3,17%"
"31.10.2022","6,300","6,250","6,300","6,240","79,98K","0,80%"
"28.10.2022","6,250","6,210","6,250","6,210","64,46K","0,16%"
"27.10.2022","6,240","6,200","6,240","6,200","52,12K","0,65%"
"26.10.2022","6,200","6,130","6,250","6,120","66,75K","1,64%"
"25.10.2022","6,100","6,100","6,100","6,100","18,55K","0,83%"
"24.10.2022","6,050","6,110","6,110","6,050","404,49K","-0,98%"
"21.10.2022","6,110","6,050","6,110","6,050","108,90K","0,99%"
"20.10.2022","6,050","6,050","6,050","6,030","90,29K","0,33%"
"19.10.2022","6,030","6,050","6,050","6,030","36,85K","0,50%"
"18.10.2022","6,000","6,000","6,020","5,960","1,48M","0,84%"
"17.10.2022","5,950","5,900","5,950","5,900","285,81K","0,85%"
"14.10.2022","5,900","5,950","5,950","5,900","11,46K","-1,67%"
"13.10.2022","6,000","5,900","6,000","5,900","273,86K","1,69%"
"12.10.2022","5,900","5,850","5,900","5,800","66,85K","0,85%"
"11.10.2022","5,850","5,850","5,850","5,800","11,27K","-0,85%"
"10.10.2022","5,900","5,900","5,900","5,900","6,14K","0,00%"
"07.10.2022","5,900","5,900","5,900","5,900","3,82K","0,17%"
"06.10.2022","5,890","5,780","5,890","5,780","5,89K","2,43%"
"05.10.2022","5,750","5,720","5,750","5,720","565,84K","0,88%"
"04.10.2022","5,700","5,700","5,700","5,700","126,73K","0,71%"
"03.10.2022","5,660","5,700","5,700","5,660","17,49K","-0,70%"
"30.09.2022","5,700","5,680","5,700","5,680","159,01K","0,88%"
"29.09.2022","5,650","5,700","5,700","5,650","32,15K","-0,88%"
"28.09.2022","5,700","5,700","5,700","5,700","11,15K","-0,87%"
"27.09.2022","5,750","5,800","5,800","5,750","32,52K","-0,86%"
"26.09.2022","5,800","5,750","5,800","5,750","140,88K","-0,85%"
"23.09.2022","5,850","5,900","5,930","5,850","7,01K","-2,50%"
"22.09.2022","6,000","5,800","6,000","5,800","28,32K","1,69%"
"21.09.2022","5,900","5,900","5,900","5,900","2,18K","0,00%"
"20.09.2022","5,900","5,950","6,000","5,900","64,46K","-0,84%"
"19.09.2022","5,950","5,950","5,950","5,950","2,60M","-0,83%"
"16.09.2022","6,000","5,950","6,000","5,950","117,00K","0,00%"
"15.09.2022","6,000","6,000","6,000","5,950","1,71M","1,69%"
"14.09.2022","5,900","5,900","6,000","5,900","106,71K","0,17%"
"13.09.2022","5,890","5,890","5,890","5,890","45,69K","-1,83%"
"12.09.2022","6,000","6,000","6,020","5,960","1,95M","0,00%"
"09.09.2022","6,000","5,950","6,000","5,890","62,13K","2,56%"
"08.09.2022","5,850","5,870","5,900","5,800","29,25K","0,00%"
"07.09.2022","5,850","5,650","5,850","5,650","38,51K","3,54%"
"06.09.2022","5,650","5,590","5,650","5,590","16,69K","1,07%"
"05.09.2022","5,590","5,590","5,590","5,590","4,09K","0,00%"
"02.09.2022","5,590","5,500","5,590","5,500","227,59K","3,33%"
"01.09.2022","5,410","5,410","5,500","5,400","146,96K","0,19%"
"31.08.2022","5,400","5,550","5,610","5,400","1,34M","-3,57%"
"29.08.2022","5,600","5,810","5,810","5,600","218,63K","-3,61%"
"26.08.2022","5,810","5,810","5,810","5,810","1,42K","0,00%"
"25.08.2022","5,810","5,880","5,880","5,810","4,74K","-1,36%"
"24.08.2022","5,890","5,900","5,900","5,880","53,25K","-0,34%"
"23.08.2022","5,910","5,900","5,960","5,900","31,79K","1,90%"
"22.08.2022","5,800","5,900","5,900","5,730","223,64K","-3,33%"
"19.08.2022","6,000","6,000","6,000","6,000","72,96K","-0,33%"
"18.08.2022","6,020","6,000","6,020","6,000","37,06K","-0,50%"
"17.08.2022","6,050","6,050","6,050","6,000","44,72K","0,00%"
"16.08.2022","6,050","6,100","6,100","6,000","90,45K","-0,82%"
"15.08.2022","6,100","6,040","6,110","6,040","87,87K","1,67%"
"12.08.2022","6,000","6,000","6,000","6,000","11,04K","0,00%"
"11.08.2022","6,000","6,000","6,000","5,900","462,64K","0,00%"
"10.08.2022","6,000","5,800","6,050","5,800","16,81M","5,45%"
"09.08.2022","5,690","5,500","5,690","5,500","342,88K","3,45%"
"08.08.2022","5,500","5,480","5,550","5,480","607,16K","0,36%"
"05.08.2022","5,480","5,420","5,480","5,420","74,96K","0,74%"
"04.08.2022","5,440","5,450","5,480","5,440","71,65K","0,74%"
"03.08.2022","5,400","5,400","5,500","5,400","245,20K","0,00%"
"02.08.2022","5,400","5,200","5,400","5,200","656,22K","3,85%"
"01.08.2022","5,200","5,200","5,200","5,200","61,32K","-1,89%"
"27.07.2022","5,300","5,290","5,300","5,290","21,05K","0,19%"
"26.07.2022","5,290","5,290","5,290","5,290","5,39K","1,73%"
"25.07.2022","5,200","5,320","5,320","5,200","14,15K","-2,80%"
"22.07.2022","5,350","5,500","5,500","5,350","26,25K","-0,74%"
"21.07.2022","5,390","5,120","5,390","5,120","169,44K","6,73%"
"20.07.2022","5,050","5,050","5,050","5,050","31,63K","0,00%"
"19.07.2022","5,050","5,050","5,050","5,050","2,15K","1,00%"
"18.07.2022","5,000","5,050","5,050","4,950","12,67M","1,01%"
"15.07.2022","4,950","4,950","4,950","4,950","6,16K","0,00%"
"14.07.2022","4,950","5,000","5,000","4,950","379,26K","-1,79%"
"13.07.2022","5,040","5,000","5,090","5,000","15,71K","-0,20%"
"12.07.2022","5,050","5,100","5,100","5,000","521,69K","-0,98%"
"11.07.2022","5,100","5,100","5,100","5,100","14,81K","0,00%"
"08.07.2022","5,100","5,110","5,150","5,100","84,42K","0,99%"
"07.07.2022","5,050","5,050","5,050","5,050","5,61K","1,00%"
"06.07.2022","5,000","5,000","5,000","4,950","43,13K","-0,99%"
"05.07.2022","5,050","5,050","5,050","5,050","7,47K","-1,94%"
"04.07.2022","5,150","5,100","5,150","5,100","5,62K","0,00%"
"01.07.2022","5,150","5,150","5,200","5,130","128,83K","0,00%"
"30.06.2022","5,150","5,150","5,150","5,150","326,23K","-0,96%"
"28.06.2022","5,200","5,200","5,200","5,200","1,89M","0,00%"
"27.06.2022","5,200","5,200","5,200","5,150","40,29K","0,00%"
"24.06.2022","5,200","5,150","5,200","5,100","82,45K","0,97%"
"23.06.2022","5,150","5,200","5,250","5,150","173,96K","-1,90%"
"22.06.2022","5,250","5,350","5,350","5,250","336,80K","-2,23%"
"21.06.2022","5,370","5,400","5,400","5,350","157,67K","-0,56%"
"20.06.2022","5,400","5,400","5,400","5,400","1,54K","0,93%"
"17.06.2022","5,350","5,400","5,400","5,350","135,26K","-0,93%"
"16.06.2022","5,400","5,400","5,400","5,400","1,30K","0,00%"
"15.06.2022","5,400","5,450","5,450","5,400","141,22K","-0,92%"
"14.06.2022","5,450","5,400","5,450","5,350","36,62K","0,00%"
"13.06.2022","5,450","5,500","5,500","5,450","431,63K","-0,18%"
"10.06.2022","5,460","5,450","5,500","5,450","240,89K","0,92%"
"09.06.2022","5,410","5,400","5,450","5,400","72,52K","-0,73%"
"08.06.2022","5,450","5,150","5,450","5,150","936,10K","5,83%"
"07.06.2022","5,150","5,080","5,150","5,080","6,90K","0,59%"
"06.06.2022","5,120","5,170","5,170","5,100","1,17M","-0,58%"
"03.06.2022","5,150","5,130","5,150","5,130","95,39K","0,39%"
"02.06.2022","5,130","5,150","5,150","5,090","780,41K","0,59%"
"01.06.2022","5,100","5,100","5,100","5,050","128,00K","0,99%"
"31.05.2022","5,050","5,000","5,050","4,950","1,40M","-0,98%"
"30.05.2022","5,100","5,060","5,100","5,060","17,97K","1,80%"
"27.05.2022","5,010","4,950","5,010","4,950","1,31M","1,62%"
"26.05.2022","4,930","4,930","5,000","4,900","54,81K","0,61%"
"25.05.2022","4,900","4,940","4,940","4,900","9,50K","-0,41%"
"24.05.2022","4,920","4,850","4,920","4,850","25,97K","1,44%"
"23.05.2022","4,850","4,950","4,970","4,850","336,80K","-2,02%"
"20.05.2022","4,950","4,950","4,950","4,950","27,23K","0,00%"
"19.05.2022","4,950","4,850","4,950","4,850","1,26M","2,06%"
"18.05.2022","4,850","4,910","4,950","4,850","1,45M","0,00%"
"17.05.2022","4,850","4,960","4,960","4,850","247,54K","-2,22%"
"16.05.2022","4,960","4,950","4,960","4,950","22,29K","1,22%"
"13.05.2022","4,900","4,900","4,950","4,900","553,79K","1,87%"
"12.05.2022","4,810","4,950","4,950","4,810","24,18K","-1,84%"
"11.05.2022","4,900","4,900","4,900","4,900","19,08K","0,00%"
"10.05.2022","4,900","4,800","4,900","4,800","16,33K","2,08%"
"09.05.2022","4,800","4,860","4,860","4,800","56,12K","-3,03%"
"06.05.2022","4,950","4,900","4,950","4,850","498,82K","0,00%"
"05.05.2022","4,950","5,100","5,100","4,900","673,86K","-2,94%"
"04.05.2022","5,100","4,800","5,100","4,800","560,84K","2,00%"
"03.05.2022","5,000","5,200","5,200","5,000","593,89K","-1,57%"
"02.05.2022","5,080","5,050","5,080","4,960","258,09K","-0,78%"
"29.04.2022","5,120","5,120","5,150","5,120","48,75K","0,39%"
"28.04.2022","5,100","5,150","5,200","5,000","12,67M","-1,92%"
"27.04.2022","5,200","5,200","5,300","5,200","37,52K","3,59%"
"26.04.2022","5,020","5,000","5,100","4,930","1,27M","1,01%"
"25.04.2022","4,970","5,200","5,200","4,970","297,57K","-9,64%"
"22.04.2022","5,500","5,600","5,600","5,400","267,51K","-1,79%"
"21.04.2022","5,600","5,350","5,600","5,350","561,19K","4,67%"
"20.04.2022","5,350","5,100","5,350","5,100","1,05M","5,31%"
"19.04.2022","5,080","5,120","5,120","5,010","1,44M","1,40%"
"18.04.2022","5,010","5,010","5,100","5,000","749,81K","0,00%"
"13.04.2022","5,010","5,420","5,500","5,010","821,53K","-7,56%"
"12.04.2022","5,420","5,650","5,650","5,420","168,47K","-3,73%"
"11.04.2022","5,630","5,600","5,680","5,600","48,01K","0,54%"
"08.04.2022","5,600","5,700","5,700","5,600","668,81K","-1,75%"
"07.04.2022","5,700","5,740","5,740","5,700","13,11K","0,00%"
"06.04.2022","5,700","5,770","5,770","5,700","561,37K","-1,04%"
"05.04.2022","5,760","5,770","5,770","5,760","52,65K","-0,17%"
"04.04.2022","5,770","5,700","5,810","5,690","596,24K","1,41%"
"01.04.2022","5,690","5,630","5,700","5,600","644,38K","2,52%"
"31.03.2022","5,550","5,630","5,630","5,550","137,67K","-1,42%"
"30.03.2022","5,630","5,700","5,700","5,630","98,95K","-1,23%"
"29.03.2022","5,700","5,750","5,750","5,700","168,39K","-0,87%"
"28.03.2022","5,750","5,760","5,760","5,750","44,19K","0,88%"
"25.03.2022","5,700","5,780","5,780","5,700","399,23K","-1,38%"
"24.03.2022","5,780","5,780","5,780","5,740","7,55K","0,00%"
"23.03.2022","5,780","5,780","5,780","5,780","41,89K","0,00%"
"22.03.2022","5,780","5,810","5,810","5,780","29,66K","-0,52%"
"21.03.2022","5,810","5,820","5,830","5,810","23,06K","-0,17%"
"18.03.2022","5,820","5,790","5,820","5,780","44,01K","0,52%"
"17.03.2022","5,790","5,830","5,830","5,790","63,01K","-0,69%"
"16.03.2022","5,830","5,670","5,830","5,670","3,28M","2,82%"
"15.03.2022","5,670","5,690","5,690","5,670","88,43K","-0,35%"
"14.03.2022","5,690","5,750","5,750","5,690","790,27K","-1,73%"
"11.03.2022","5,790","5,790","5,800","5,780","1,73M","0,70%"
"10.03.2022","5,750","5,850","5,850","5,750","322,85K","-1,71%"
"09.03.2022","5,850","5,850","5,900","5,840","81,80K","-0,17%"
"08.03.2022","5,860","5,900","5,900","5,860","300,67K","-0,68%"
"07.03.2022","5,900","6,050","6,050","5,880","205,59K","-4,07%"
"04.03.2022","6,150","6,200","6,200","6,150","117,11K","-0,81%"
"03.03.2022","6,200","6,200","6,200","6,170","50,49K","0,00%"
"02.03.2022","6,200","6,200","6,250","6,190","740,46K","-0,32%"
"01.03.2022","6,220","6,220","6,230","6,220","22,64K","1,63%"
"28.02.2022","6,120","6,300","6,300","6,120","355,23K","-3,62%"
"25.02.2022","6,350","6,300","6,350","6,300","751,63K","0,95%"
"24.02.2022","6,290","6,190","6,290","6,100","149,44K","0,64%"
"23.02.2022","6,250","6,230","6,250","6,230","11,84K","0,32%"
"22.02.2022","6,230","6,290","6,290","6,200","44,16K","0,00%"
"21.02.2022","6,230","6,200","6,230","6,200","26,67K","-1,11%"
"18.02.2022","6,300","6,200","6,300","6,200","81,49K","1,61%"
"17.02.2022","6,200","6,280","6,280","6,200","381,61K","-1,27%"
"16.02.2022","6,280","6,500","6,500","6,280","539,42K","-4,12%"
"15.02.2022","6,550","6,550","6,600","6,550","14,07K","0,00%"
"14.02.2022","6,550","6,630","6,630","6,550","557,37K","-1,36%"
"11.02.2022","6,640","6,670","6,670","6,640","42,53K","-0,45%"
"10.02.2022","6,670","6,700","6,700","6,670","140,80K","-0,45%"
"09.02.2022","6,700","6,750","6,750","6,700","122,46K","-0,74%"
"08.02.2022","6,750","6,570","6,750","6,570","383,47K","2,74%"
"07.02.2022","6,570","6,650","6,650","6,570","274,03K","-1,05%"
"04.02.2022","6,640","6,640","6,640","6,640","6,31K","-0,15%"
"03.02.2022","6,650","6,650","6,650","6,650","67,60K","0,00%"
"02.02.2022","6,650","6,900","6,900","6,650","254,41K","-3,62%"
"01.02.2022","6,900","6,800","6,910","6,550","257,34K","0,44%"
"31.01.2022","6,870","6,820","6,950","6,820","18,20K","1,03%"
"28.01.2022","6,800","6,850","6,850","6,800","19,24K","-0,73%"
"27.01.2022","6,850","6,760","6,850","6,760","22,58K","1,33%"
"26.01.2022","6,760","6,750","6,800","6,750","664,81K","0,15%"
"25.01.2022","6,750","6,800","6,800","6,730","200,86K","-0,74%"
"24.01.2022","6,800","6,840","6,840","6,700","149,68K","-0,44%"
"21.01.2022","6,830","6,900","6,900","6,820","383,65K","-1,01%"
"20.01.2022","6,900","6,900","6,900","6,890","277,47K","0,00%"
"19.01.2022","6,900","6,840","6,900","6,840","602,48K","0,88%"
"18.01.2022","6,840","6,950","6,950","6,780","65,78K","-1,58%"
"17.01.2022","6,950","6,950","6,950","6,950","15,15K","0,00%"
"14.01.2022","6,950","6,950","7,000","6,950","48,87K","-0,57%"
"13.01.2022","6,990","6,800","6,990","6,800","81,74K","2,79%"
"12.01.2022","6,800","6,650","6,820","6,650","106,63K","3,34%"
"11.01.2022","6,580","6,550","6,600","6,540","192,66K","1,08%"
"10.01.2022","6,510","6,630","6,650","6,510","413,24K","-1,81%"
"07.01.2022","6,630","6,450","6,630","6,450","751,89K","2,79%"
"06.01.2022","6,450","6,450","6,480","6,400","395,65K","1,57%"
"05.01.2022","6,350","6,220","6,400","6,200","1,87M","2,42%"
"04.01.2022","6,200","6,100","6,200","6,100","23,70K","2,48%"
"03.01.2022","6,050","6,050","6,050","6,050","3,49K","0,00%"
"31.12.2021","6,050","6,050","6,050","6,050","0,65K","0,00%"
"30.12.2021","6,050","6,000","6,060","5,950","1,50M","0,83%"
"29.12.2021","6,000","6,120","6,120","6,000","28,32K","-1,96%"
"28.12.2021","6,120","6,120","6,200","6,100","1,17M","0,99%"
"27.12.2021","6,060","5,800","6,060","5,800","92,64K","5,39%"
"24.12.2021","5,750","5,750","5,750","5,750","","0,00%"
"23.12.2021","5,750","5,700","5,750","5,600","55,31K","1,77%"
"22.12.2021","5,650","5,700","5,700","5,600","887,53K","-0,88%"
"21.12.2021","5,700","5,700","5,700","5,690","19,66K","1,24%"
"20.12.2021","5,630","5,550","5,630","5,550","8,81K","1,44%"
"17.12.2021","5,550","5,610","5,610","5,550","3,42M","-0,89%"
"16.12.2021","5,600","5,530","5,700","5,530","1,01M","2,19%"
"15.12.2021","5,480","5,600","5,600","5,470","170,74K","-2,14%"
"14.12.2021","5,600","5,600","5,600","5,600","30,41K","0,00%"
"13.12.2021","5,600","5,680","5,680","5,600","319,44K","-0,88%"
"10.12.2021","5,650","5,700","5,700","5,610","81,08K","-0,88%"
"09.12.2021","5,700","5,570","5,780","5,570","17,75K","2,33%"
"07.12.2021","5,570","5,620","5,720","5,530","1,04M","0,36%"
"06.12.2021","5,550","5,600","5,600","5,470","526,22K","-0,89%"
"03.12.2021","5,600","5,850","5,850","5,470","209,16K","-4,27%"
"02.12.2021","5,850","5,860","5,940","5,800","562,72K","-0,17%"
"01.12.2021","5,860","6,020","6,050","5,750","1,14M","-2,66%"
"30.11.2021","6,020","6,150","6,150","6,020","563,35K","-2,11%"
"29.11.2021","6,150","6,100","6,150","6,050","92,06K","0,82%"
"26.11.2021","6,100","6,150","6,150","6,000","530,10K","-1,13%"
"25.11.2021","6,170","6,200","6,200","6,170","11,06K","-0,48%"
"24.11.2021","6,200","6,220","6,300","6,200","29,12K","-0,32%"
"23.11.2021","6,220","6,250","6,250","6,220","227,30K","-0,48%"
"22.11.2021","6,250","6,210","6,250","6,000","222,60K","-0,79%"
"19.11.2021","6,300","6,300","6,300","6,250","10,82K","0,00%"
"18.11.2021","6,300","6,350","6,350","6,300","304,49K","-0,79%"
"17.11.2021","6,350","6,350","6,350","6,350","3,54K","-0,31%"
"16.11.2021","6,370","6,400","6,400","6,370","111,75K","-0,47%"
"15.11.2021","6,400","6,420","6,420","6,350","11,28K","-0,31%"
"12.11.2021","6,420","6,410","6,420","6,390","380,28K","0,16%"
"11.11.2021","6,410","6,400","6,410","6,400","353,77K","0,00%"
"10.11.2021","6,410","6,440","6,450","6,400","311,89K","-0,47%"
"09.11.2021","6,440","6,400","6,470","6,350","2,00M","0,62%"
"08.11.2021","6,400","6,400","6,400","6,390","130,03K","0,16%"
"05.11.2021","6,390","6,230","6,390","6,230","83,21K","3,40%"
"04.11.2021","6,180","6,000","6,200","6,000","61,93K","0,49%"
"03.11.2021","6,150","6,200","6,200","6,010","407,58K","-2,38%"
"02.11.2021","6,300","6,400","6,400","6,300","124,37K","-2,33%"
"29.10.2021","6,450","6,400","6,450","6,380","376,06K","0,78%"
"28.10.2021","6,400","6,350","6,400","6,300","1,03M","0,00%"
"27.10.2021","6,400","6,250","6,400","6,250","1,07M","3,06%"
"26.10.2021","6,210","6,370","6,370","6,210","91,86K","-2,66%"
"25.10.2021","6,380","6,350","6,420","6,350","197,31K","0,47%"
"22.10.2021","6,350","6,400","6,400","6,250","267,40K","1,93%"
"21.10.2021","6,230","6,350","6,400","6,230","226,59K","-2,66%"
"20.10.2021","6,400","6,400","6,460","6,400","220,10K","0,00%"
"19.10.2021","6,400","6,350","6,400","6,350","1,02M","1,43%"
"18.10.2021","6,310","6,270","6,310","6,250","178,19K","0,96%"
"15.10.2021","6,250","6,150","6,300","6,150","265,29K","1,63%"
"14.10.2021","6,150","5,950","6,150","5,950","560,67K","4,24%"
"13.10.2021","5,900","5,650","6,000","5,650","959,27K","5,17%"
"12.10.2021","5,610","5,500","5,650","5,500","1,17M","2,94%"
"11.10.2021","5,450","5,480","5,500","5,450","31,57K","0,37%"
"07.10.2021","5,430","5,310","5,450","5,300","1,05M","4,42%"
"06.10.2021","5,200","5,220","5,220","5,200","479,07K","-0,19%"
"05.10.2021","5,210","5,150","5,210","5,150","7,68K","1,96%"
"04.10.2021","5,110","5,170","5,170","5,100","155,05K","-1,16%"
"01.10.2021","5,170","5,250","5,250","5,150","155,20K","-0,58%"
"30.09.2021","5,200","5,250","5,250","5,200","364,04K","-0,95%"
"29.09.2021","5,250","5,200","5,300","5,200","114,43K","0,96%"
"28.09.2021","5,200","5,250","5,250","5,200","111,30K","-1,33%"
"27.09.2021","5,270","5,230","5,270","5,230","268,69K","1,35%"
"24.09.2021","5,200","5,150","5,250","5,150","712,29K","1,96%"
"23.09.2021","5,100","5,020","5,110","5,010","252,41K","1,59%"
"22.09.2021","5,020","4,900","5,020","4,900","167,27K","2,45%"
"21.09.2021","4,900","4,800","4,900","4,800","511,44K","3,16%"
"20.09.2021","4,750","4,800","4,800","4,750","24,38K","0,00%"
"17.09.2021","4,750","4,800","4,800","4,750","521,24K","-1,04%"
"16.09.2021","4,800","4,800","4,800","4,800","10,00K","0,00%"
"15.09.2021","4,800","4,800","4,800","4,790","70,36K","0,00%"
"14.09.2021","4,800","4,800","4,800","4,790","80,50K","0,00%"
"13.09.2021","4,800","4,950","5,130","4,800","103,76K","-1,03%"
"10.09.2021","4,850","4,850","4,900","4,850","27,82K","1,68%"
"09.09.2021","4,770","4,810","4,820","4,700","506,55K","-2,65%"
"08.09.2021","4,900","4,950","5,000","4,900","49,57K","-2,97%"
"07.09.2021","5,050","5,200","5,200","5,040","412,91K","-3,07%"
"06.09.2021","5,210","5,200","5,250","5,200","27,73K","0,19%"
"03.09.2021","5,200","5,140","5,230","5,140","55,18K","2,56%"
"02.09.2021","5,070","4,950","5,070","4,950","366,62K","2,42%"
"01.09.2021","4,950","4,880","5,030","4,880","82,83K","3,34%"
"31.08.2021","4,790","4,750","4,800","4,750","765,97K","1,48%"
"27.08.2021","4,720","4,600","4,720","4,570","235,34K","4,89%"
"26.08.2021","4,500","4,550","4,560","4,500","3,60M","-1,10%"
"25.08.2021","4,550","4,640","4,640","4,500","140,91K","-2,15%"
"24.08.2021","4,650","4,230","4,660","4,230","463,79K","-2,11%"
"23.08.2021","4,750","4,550","4,900","4,550","559,41K","4,40%"
"20.08.2021","4,550","4,750","4,800","4,550","817,36K","-4,21%"
"19.08.2021","4,750","4,800","4,800","4,550","440,94K","-1,04%"
"18.08.2021","4,800","4,850","4,850","4,790","1,01M","-1,03%"
"17.08.2021","4,850","4,980","4,980","4,800","430,86K","-2,61%"
"16.08.2021","4,980","5,010","5,010","4,950","60,29K","-1,39%"
"13.08.2021","5,050","5,060","5,060","5,040","357,22K","-0,20%"
"12.08.2021","5,060","4,950","5,080","4,950","312,20K","5,42%"
"11.08.2021","4,800","5,280","5,280","4,800","132,58K","-8,57%"
"10.08.2021","5,250","5,300","5,300","5,240","1,09M","-0,94%"
"09.08.2021","5,300","5,370","5,370","5,300","41,30K","-1,12%"
"06.08.2021","5,360","5,500","5,500","5,360","104,50K","-0,19%"
"05.08.2021","5,370","5,400","5,400","5,360","383,94K","0,37%"
"04.08.2021","5,350","5,410","5,420","5,350","1,11M","-0,37%"
"03.08.2021","5,370","5,450","5,600","5,370","524,68K","-2,36%"
"02.08.2021","5,500","5,650","5,810","5,500","94,90K","-0,90%"
"30.07.2021","5,550","6,000","6,000","5,250","193,34K","-9,76%"
"27.07.2021","6,150","6,150","6,160","6,150","1,07M","0,00%"
"26.07.2021","6,150","6,160","6,220","6,150","514,06K","-0,16%"
"23.07.2021","6,160","6,150","6,170","6,150","2,30M","0,98%"
"22.07.2021","6,100","6,110","6,170","6,100","560,72K","1,67%"
"21.07.2021","6,000","6,020","6,050","6,000","1,92M","0,84%"
"20.07.2021","5,950","5,940","5,970","5,940","174,31K","0,17%"
"19.07.2021","5,940","5,960","5,970","5,930","39,00K","-0,17%"
"16.07.2021","5,950","5,900","6,020","5,900","621,67K","0,85%"
"15.07.2021","5,900","5,900","5,920","5,900","245,46K","0,00%"
"14.07.2021","5,900","5,950","5,950","5,900","698,65K","-0,84%"
"13.07.2021","5,950","5,950","5,950","5,950","119,67K","0,00%"
"12.07.2021","5,950","5,950","5,950","5,950","72,98K","0,00%"
"09.07.2021","5,950","5,950","5,950","5,910","22,32K","0,00%"
"08.07.2021","5,950","6,000","6,000","5,950","70,77K","-0,83%"
"07.07.2021","6,000","6,000","6,000","6,000","447,41K","0,00%"
"06.07.2021","6,000","6,000","6,000","6,000","67,97K","0,00%"
"05.07.2021","6,000","6,000","6,000","6,000","13,28K","0,00%"
"02.07.2021","6,000","6,000","6,000","5,990","51,19K","0,00%"
"01.07.2021","6,000","6,300","6,300","6,000","364,06K","-4,76%"
"30.06.2021","6,300","6,350","6,480","6,300","215,19K","0,00%"
"28.06.2021","6,300","6,200","6,340","6,200","1,10M","3,28%"
"25.06.2021","6,100","6,100","6,100","6,100","18,26K","0,00%"
"24.06.2021","6,100","6,100","6,100","6,100","6,67K","1,67%"
"23.06.2021","6,000","6,160","6,160","6,000","718,05K","-2,60%"
"22.06.2021","6,160","6,200","6,200","6,160","118,43K","0,00%"
"21.06.2021","6,160","6,060","6,160","6,050","18,64K","1,82%"
"18.06.2021","6,050","6,000","6,100","6,000","175,93K","0,83%"
"17.06.2021","6,000","6,250","6,250","6,000","62,18K","-4,00%"
"16.06.2021","6,250","6,450","6,450","6,250","153,59K","-3,10%"
"15.06.2021","6,450","6,510","6,580","6,380","360,30K","-0,77%"
"14.06.2021","6,500","6,450","6,500","6,450","63,14K","2,36%"
"11.06.2021","6,350","6,350","6,500","6,350","56,91K","-2,31%"
"10.06.2021","6,500","6,200","6,570","6,200","351,13K","7,44%"
"09.06.2021","6,050","5,700","6,050","5,700","189,85K","2,89%"
"08.06.2021","5,880","5,850","6,300","5,830","941,83K","1,55%"
"07.06.2021","5,790","6,500","6,500","5,790","461,77K","-15,10%"
"04.06.2021","6,820","6,600","6,900","6,600","464,55K","4,92%"
"03.06.2021","6,500","6,410","6,550","6,350","590,59K","1,40%"
"02.06.2021","6,410","6,360","6,410","6,360","904,26K","0,94%"
"01.06.2021","6,350","6,600","6,600","6,250","105,45K","-3,79%"
"31.05.2021","6,600","6,620","6,660","6,600","99,62K","0,00%"
"28.05.2021","6,600","6,300","6,700","6,300","467,18K","9,09%"
"27.05.2021","6,050","6,190","6,190","6,000","5,44M","-0,66%"
"26.05.2021","6,090","6,150","6,200","6,090","571,60K","-0,33%"
"25.05.2021","6,110","6,190","6,240","6,000","1,28M","0,16%"
"24.05.2021","6,100","6,660","6,660","6,100","1,06M","-8,27%"
"21.05.2021","6,650","7,000","7,000","6,500","6,10M","-4,73%"
"20.05.2021","6,980","6,950","6,990","6,940","1,16M","1,16%"
"19.05.2021","6,900","7,150","7,150","6,900","499,02K","-3,77%"
"18.05.2021","7,170","7,200","7,200","7,170","1,44M","-0,42%"
"17.05.2021","7,200","7,300","7,300","7,100","65,08K","-3,36%"
"14.05.2021","7,450","7,700","7,700","7,450","290,26K","-0,93%"
"13.05.2021","7,520","7,140","7,520","7,130","3,26M","5,77%"
"12.05.2021","7,110","7,050","7,120","7,000","4,06M","1,57%"
"11.05.2021","7,000","7,000","7,000","6,930","1,53M","2,04%"
"10.05.2021","6,860","6,770","7,000","6,770","65,91K","3,63%"
"07.05.2021","6,620","6,600","6,800","6,600","673,53K","0,91%"
"06.05.2021","6,560","6,550","6,580","6,550","22,00K","-0,61%"
"05.05.2021","6,600","6,610","6,650","6,600","43,28K","0,00%"
"04.05.2021","6,600","6,800","6,800","6,600","11,96K","-2,94%"
"03.05.2021","6,800","6,900","6,910","6,800","103,04K","-1,45%"
"30.04.2021","6,900","7,100","7,100","6,900","290,31K","-1,43%"
"29.04.2021","7,000","6,900","7,000","6,900","35,88K","3,55%"
"28.04.2021","6,760","6,700","6,900","6,700","582,66K","0,90%"
"27.04.2021","6,700","6,830","6,880","6,700","124,11K","-2,05%"
"26.04.2021","6,840","6,400","6,840","6,400","100,69K","6,88%"
"23.04.2021","6,400","6,580","6,600","6,400","1,03M","-6,30%"
"22.04.2021","6,830","7,000","7,050","6,790","711,94K","-3,12%"
"21.04.2021","7,050","7,100","7,100","7,050","612,15K","-0,70%"
"20.04.2021","7,100","7,150","7,180","6,970","1,15M","-0,70%"
"19.04.2021","7,150","7,500","7,500","7,150","156,77K","-6,41%"
"16.04.2021","7,640","7,680","7,680","7,640","22,25K","-0,52%"
"15.04.2021","7,680","7,700","7,700","7,680","214,02K","-0,13%"
"14.04.2021","7,690","7,690","7,690","7,690","3,99K","-0,13%"
"13.04.2021","7,700","7,650","7,700","7,650","98,03K","1,32%"
"12.04.2021","7,600","7,680","7,680","7,480","81,99K","-1,55%"
"09.04.2021","7,720","7,640","7,740","7,640","152,98K","-0,26%"
"08.04.2021","7,740","7,740","7,740","7,740","195,80K","0,00%"
"07.04.2021","7,740","7,740","7,740","7,740","265,00K","0,00%"
"06.04.2021","7,740","7,740","7,770","7,740","46,34K","0,52%"
"05.04.2021","7,700","7,700","7,740","7,700","60,12K","0,65%"
"31.03.2021","7,650","7,700","7,700","7,600","137,29K","-0,65%"
"30.03.2021","7,700","7,700","7,750","7,690","1,01M","-0,39%"
"29.03.2021","7,730","7,750","7,830","7,730","137,85K","0,00%"
"26.03.2021","7,730","7,880","7,880","7,730","1,35M","-2,03%"
"25.03.2021","7,890","7,890","7,890","7,880","16,29K","-0,13%"
"24.03.2021","7,900","7,900","7,910","7,890","202,18K","0,00%"
"23.03.2021","7,900","7,910","7,910","7,900","15,94K","-0,13%"
"22.03.2021","7,910","7,950","7,950","7,910","5,03K","-0,50%"
"19.03.2021","7,950","7,930","7,950","7,930","93,83K","0,25%"
"18.03.2021","7,930","8,050","8,050","7,930","20,61K","-1,49%"
"17.03.2021","8,050","8,050","8,050","8,050","203,35K","0,37%"
"16.03.2021","8,020","8,050","8,050","8,020","5,85K","-0,37%"
"15.03.2021","8,050","8,050","8,060","8,050","1,62M","0,00%"
"12.03.2021","8,050","8,080","8,080","8,050","735,95K","-0,12%"
"11.03.2021","8,060","8,050","8,090","8,050","58,53K","0,12%"
"10.03.2021","8,050","8,030","8,050","7,850","190,23K","0,50%"
"09.03.2021","8,010","8,000","8,010","8,000","9,19M","-1,11%"
"08.03.2021","8,100","8,210","8,210","8,100","54,59K","-1,34%"
"05.03.2021","8,210","8,250","8,250","8,200","120,90K","-0,48%"
"04.03.2021","8,250","8,250","8,300","8,240","109,82K","-0,60%"
"03.03.2021","8,300","8,230","8,300","8,220","126,31K","0,73%"
"02.03.2021","8,240","8,200","8,240","8,200","777,25K","0,49%"
"01.03.2021","8,200","8,140","8,220","8,140","1,46M","1,23%"
"26.02.2021","8,100","8,170","8,170","8,100","67,37K","-0,86%"
"25.02.2021","8,170","8,150","8,170","8,150","263,53K","0,25%"
"24.02.2021","8,150","8,140","8,200","8,140","1,43M","0,00%"
"23.02.2021","8,150","8,140","8,150","8,140","489,15K","0,12%"
"22.02.2021","8,140","8,150","8,150","8,140","9,38K","0,37%"
"19.02.2021","8,110","8,150","8,150","8,110","738,22K","-1,10%"
"18.02.2021","8,200","8,200","8,200","8,100","945,79K","0,00%"
"17.02.2021","8,200","8,200","8,230","8,200","31,71K","-0,24%"
"16.02.2021","8,220","8,270","8,270","8,220","50,11K","-0,96%"
"15.02.2021","8,300","8,270","8,320","8,270","42,37K","0,36%"
"12.02.2021","8,270","8,270","8,270","8,270","1,02K","0,00%"
"11.02.2021","8,270","8,310","8,310","8,270","80,48K","-0,36%"
"10.02.2021","8,300","8,320","8,370","8,300","108,28K","-0,24%"
"09.02.2021","8,320","8,370","8,370","8,320","650,75K","0,00%"
"08.02.2021","8,320","8,280","8,330","8,280","1,64M","0,48%"
"05.02.2021","8,280","8,150","8,280","8,150","183,72K","1,60%"
"04.02.2021","8,150","8,140","8,150","8,140","38,19K","0,12%"
"03.02.2021","8,140","8,200","8,200","8,140","115,01K","-0,61%"
"02.02.2021","8,190","8,210","8,210","8,170","50,15K","-0,12%"
"01.02.2021","8,200","8,190","8,200","8,190","17,79K","0,00%"
"29.01.2021","8,200","8,130","8,200","8,130","140,88K","0,86%"
"28.01.2021","8,130","8,100","8,130","8,100","6,60K","-0,25%"
"27.01.2021","8,150","8,150","8,150","8,100","2,00M","-0,37%"
"26.01.2021","8,180","8,200","8,200","8,180","43,50K","-0,24%"
"25.01.2021","8,200","8,200","8,200","8,200","1,64M","0,00%"
"22.01.2021","8,200","8,200","8,300","8,150","320,43K","0,00%"
"21.01.2021","8,200","8,200","8,200","8,200","259,24K","0,00%"
"20.01.2021","8,200","8,200","8,210","8,200","65,59K","0,00%"
"19.01.2021","8,200","8,050","8,200","8,050","638,96K","1,86%"
"18.01.2021","8,050","8,100","8,150","8,050","21,07K","-0,62%"
"15.01.2021","8,100","8,180","8,200","8,100","307,58K","-1,22%"
"14.01.2021","8,200","8,150","8,200","8,150","1,14M","0,12%"
"13.01.2021","8,190","8,150","8,200","8,150","381,64K","0,49%"
"12.01.2021","8,150","8,200","8,200","8,150","11,18K","-0,61%"
"11.01.2021","8,200","8,080","8,200","8,000","1,24M","1,23%"
"08.01.2021","8,100","8,100","8,140","8,000","582,25K","0,62%"
"07.01.2021","8,050","7,520","8,050","7,520","1,60M","7,05%"
"06.01.2021","7,520","7,510","7,520","7,500","24,76K","0,27%"
"05.01.2021","7,500","7,500","7,500","7,500","1,03M","1,35%"
"04.01.2021","7,400","7,150","7,400","7,150","2,13M","3,50%"
"31.12.2020","7,150","7,150","7,150","7,150","6,25K","-0,28%"
"30.12.2020","7,170","7,180","7,180","7,170","18,37K","-0,28%"
"29.12.2020","7,190","7,170","7,200","7,170","22,17K","0,56%"
"28.12.2020","7,150","7,120","7,160","7,120","51,14K","0,42%"
"24.12.2020","7,120","7,120","7,120","7,110","275,46K","0,00%"
"23.12.2020","7,120","7,130","7,150","7,100","457,55K","-0,14%"
"22.12.2020","7,130","7,190","7,190","7,100","172,28K","0,00%"
"21.12.2020","7,130","7,160","7,160","7,130","160,43K","-0,97%"
"18.12.2020","7,200","7,200","7,200","7,180","742,16K","0,56%"
"17.12.2020","7,160","7,160","7,160","7,160","741,09K","0,00%"
"16.12.2020","7,160","7,150","7,160","7,150","100,69K","-0,28%"
"15.12.2020","7,180","7,180","7,180","7,180","88,91K","0,00%"
"14.12.2020","7,180","7,200","7,200","7,180","235,05K","-0,28%"
"11.12.2020","7,200","7,250","7,280","7,180","173,60K","-1,37%"
"10.12.2020","7,300","7,350","7,350","7,290","143,46K","-0,68%"
"09.12.2020","7,350","7,460","7,460","7,350","56,09K","-1,34%"
"07.12.2020","7,450","7,200","7,450","7,200","14,99K","4,93%"
"04.12.2020","7,100","7,100","7,200","7,100","459,91K","0,14%"
"03.12.2020","7,090","7,090","7,120","7,090","1,27M","0,00%"
"02.12.2020","7,090","7,090","7,090","7,090","1,44M","-0,14%"
"01.12.2020","7,100","7,090","7,100","7,090","1,05M","0,00%"
"30.11.2020","7,100","7,100","7,100","7,000","416,15K","0,00%"
"27.11.2020","7,100","7,200","7,200","7,100","91,86K","-1,39%"
"26.11.2020","7,200","7,250","7,250","7,200","9,35K","-1,37%"
"25.11.2020","7,300","7,450","7,450","7,300","80,26K","-1,35%"
"24.11.2020","7,400","7,300","7,400","7,300","173,15K","1,37%"
"23.11.2020","7,300","7,270","7,300","7,210","189,49K","1,39%"
"20.11.2020","7,200","7,250","7,250","7,200","74,10K","0,70%"
"19.11.2020","7,150","7,150","7,250","7,150","61,29K","0,00%"
"18.11.2020","7,150","7,000","7,150","7,000","576,03K","2,14%"
"17.11.2020","7,000","7,000","7,010","6,990","669,03K","0,00%"
"16.11.2020","7,000","7,010","7,010","7,000","872,58K","-0,14%"
"13.11.2020","7,010","7,000","7,010","6,990","110,97K","0,14%"
"12.11.2020","7,000","7,000","7,020","7,000","312,31K","0,00%"
"11.11.2020","7,000","7,000","7,000","6,990","512,49K","1,60%"
"10.11.2020","6,890","7,000","7,000","6,890","277,10K","-4,31%"
"09.11.2020","7,200","7,000","7,200","7,000","546,43K","4,35%"
"06.11.2020","6,900","7,000","7,000","6,750","229,82K","-1,43%"
"05.11.2020","7,000","7,050","7,050","7,000","217,76K","0,72%"
"04.11.2020","6,950","7,050","7,050","6,950","134,85K","-1,42%"
"03.11.2020","7,050","7,050","7,120","7,050","100,66K","0,00%"
"02.11.2020","7,050","7,050","7,050","7,050","160,72K","0,71%"
"30.10.2020","7,000","7,050","7,100","7,000","250,01K","-0,43%"
"29.10.2020","7,030","7,250","7,250","7,030","838,73K","-3,03%"
"28.10.2020","7,250","7,280","7,280","7,250","11,25K","-1,76%"
"27.10.2020","7,380","7,380","7,380","7,380","36,98K","0,00%"
"26.10.2020","7,380","7,400","7,400","7,380","795,74K","-0,27%"
"23.10.2020","7,400","7,400","7,400","7,400","20,08K","0,00%"
"22.10.2020","7,400","7,400","7,400","7,350","383,42K","-0,67%"
"21.10.2020","7,450","7,450","7,450","7,450","0,58K","0,00%"
"20.10.2020","7,450","7,500","7,550","7,400","449,57K","-0,67%"
"19.10.2020","7,500","7,450","7,500","7,450","109,75K","0,00%"
"16.10.2020","7,500","7,600","7,600","7,500","3,41M","-1,32%"
"15.10.2020","7,600","7,600","7,600","7,590","196,42K","0,00%"
"14.10.2020","7,600","7,700","7,700","7,600","59,31K","-1,30%"
"13.10.2020","7,700","7,800","7,800","7,700","56,16K","-1,53%"
"12.10.2020","7,820","7,900","7,900","7,800","16,67K","1,56%"
"09.10.2020","7,700","7,700","7,700","7,700","3,52K","0,00%"
"08.10.2020","7,700","7,710","7,710","7,700","6,09K","0,00%"
"07.10.2020","7,700","7,700","7,700","7,700","295,59K","0,00%"
"06.10.2020","7,700","7,700","7,700","7,690","1,27M","0,00%"
"05.10.2020","7,700","7,700","7,700","7,700","654,13K","0,00%"
"02.10.2020","7,700","7,700","7,700","7,700","55,74K","0,00%"
"01.10.2020","7,700","7,700","7,700","7,700","42,95K","0,39%"
"30.09.2020","7,670","7,600","7,670","7,600","227,35K","1,05%"
"29.09.2020","7,590","7,590","7,590","7,590","14,73K","0,00%"
"28.09.2020","7,590","7,590","7,590","7,590","9,20K","0,00%"
"25.09.2020","7,590","7,510","7,590","7,500","272,73K","1,07%"
"24.09.2020","7,510","7,530","7,530","7,510","18,50K","-0,53%"
"23.09.2020","7,550","7,550","7,600","7,550","50,22K","0,00%"
"22.09.2020","7,550","7,590","7,590","7,550","59,13K","-0,66%"
"21.09.2020","7,600","7,620","7,620","7,600","167,25K","-0,91%"
"18.09.2020","7,670","7,670","7,670","7,670","628,25K","0,00%"
"17.09.2020","7,670","7,600","7,670","7,600","183,66K","1,32%"
"16.09.2020","7,570","7,550","7,600","7,540","171,29K","-0,26%"
"15.09.2020","7,590","7,580","7,590","7,580","11,52K","0,26%"
"14.09.2020","7,570","7,570","7,570","7,570","203,94K","0,13%"
"11.09.2020","7,560","7,550","7,600","7,550","282,70K","0,53%"
"10.09.2020","7,520","7,620","7,620","7,500","428,27K","-1,31%"
"09.09.2020","7,620","7,700","7,700","7,620","26,23K","-1,04%"
"08.09.2020","7,700","7,740","7,740","7,700","137,54K","-0,52%"
"07.09.2020","7,740","7,740","7,740","7,740","84,06K","0,00%"
"04.09.2020","7,740","7,780","7,780","7,740","24,95K","-0,51%"
"03.09.2020","7,780","7,800","7,810","7,780","19,58K","0,52%"
"02.09.2020","7,740","7,960","7,960","7,740","41,17K","-2,76%"
"01.09.2020","7,960","7,960","7,960","7,900","101,20K","0,00%"
"31.08.2020","7,960","7,620","7,960","7,620","280,00K","5,57%"
"28.08.2020","7,540","7,700","7,700","7,540","96,42K","-2,08%"
"27.08.2020","7,700","7,760","7,760","7,700","93,19K","-0,65%"
"26.08.2020","7,750","7,710","7,750","7,700","370,77K","0,52%"
"25.08.2020","7,710","7,730","7,730","7,710","30,80K","0,13%"
"24.08.2020","7,700","7,600","7,700","7,600","793,84K","0,92%"
"21.08.2020","7,630","7,600","7,630","7,600","384,82K","0,39%"
"20.08.2020","7,600","7,550","7,600","7,550","34,36K","0,66%"
"19.08.2020","7,550","7,600","7,600","7,550","94,18K","-1,69%"
"18.08.2020","7,680","7,750","7,750","7,650","104,06K","-0,90%"
"17.08.2020","7,750","7,600","7,750","7,600","23,91K","0,65%"
"14.08.2020","7,700","7,700","7,700","7,700","124,62K","0,00%"
"13.08.2020","7,700","7,550","7,700","7,550","378,46K","1,99%"
"12.08.2020","7,550","7,550","7,650","7,550","758,40K","0,67%"
"11.08.2020","7,500","7,480","7,600","7,430","495,44K","-2,98%"
"10.08.2020","7,730","7,680","7,730","7,670","42,16K","1,05%"
"07.08.2020","7,650","7,720","7,720","7,630","337,95K","-0,91%"
"06.08.2020","7,720","7,800","7,800","7,720","77,69K","-1,03%"
"05.08.2020","7,800","7,750","7,800","7,750","102,21K","1,30%"
"04.08.2020","7,700","7,700","7,800","7,700","101,09K","-1,28%"
"03.08.2020","7,800","7,940","7,940","7,800","387,93K","0,00%"
"31.07.2020","7,800","7,900","7,900","7,800","745,19K","-1,27%"
"30.07.2020","7,900","7,950","7,950","7,900","182,27K","-0,63%"
"29.07.2020","7,950","7,960","8,000","7,900","448,66K","0,00%"
"27.07.2020","7,950","7,950","7,950","7,880","278,54K","0,00%"
"24.07.2020","7,950","7,950","7,950","7,920","558,65K","-1,24%"
"23.07.2020","8,050","8,050","8,050","8,050","53,24K","-0,37%"
"22.07.2020","8,080","8,000","8,100","8,000","73,79K","-0,25%"
"21.07.2020","8,100","8,000","8,100","8,000","10,99K","4,11%"
"20.07.2020","7,780","7,780","7,780","7,780","5,15K","1,04%"
"17.07.2020","7,700","7,800","7,800","7,700","301,10K","-2,28%"
"16.07.2020","7,880","7,900","7,900","7,880","28,65K","-0,25%"
"15.07.2020","7,900","7,930","7,950","7,900","300,13K","-0,38%"
"14.07.2020","7,930","8,000","8,000","7,930","28,50K","1,02%"
"13.07.2020","7,850","8,000","8,000","7,850","473,44K","-1,88%"
"10.07.2020","8,000","8,100","8,100","7,920","478,03K","-1,23%"
"09.07.2020","8,100","8,100","8,100","8,100","2,73K","0,62%"
"08.07.2020","8,050","8,120","8,150","8,050","177,59K","-0,86%"
"07.07.2020","8,120","8,110","8,130","8,110","83,27K","0,00%"
"06.07.2020","8,120","8,120","8,120","8,030","47,57K","0,00%"
"03.07.2020","8,120","8,100","8,120","8,100","24,14K","0,25%"
"02.07.2020","8,100","8,100","8,110","8,050","355,44K","0,00%"
"01.07.2020","8,100","8,030","8,100","8,030","206,23K","0,87%"
"30.06.2020","8,030","8,000","8,050","7,980","528,34K","1,01%"
"26.06.2020","7,950","8,000","8,000","7,950","34,33K","0,00%"
"25.06.2020","7,950","8,050","8,050","7,900","350,28K","-2,45%"
"24.06.2020","8,150","8,150","8,150","8,150","17,46K","-0,49%"
"23.06.2020","8,190","8,230","8,230","8,160","199,41K","-0,49%"
"22.06.2020","8,230","8,230","8,230","8,230","358,60K","0,00%"
"19.06.2020","8,230","8,350","8,350","8,200","7,06M","-0,48%"
"18.06.2020","8,270","8,370","8,370","8,270","159,60K","-1,19%"
"17.06.2020","8,370","8,450","8,450","8,370","114,87K","-0,95%"
"16.06.2020","8,450","8,200","8,450","8,200","796,98K","3,68%"
"15.06.2020","8,150","8,200","8,200","8,120","406,80K","-0,61%"
"12.06.2020","8,200","8,230","8,300","8,180","376,46K","-0,36%"
"11.06.2020","8,230","8,400","8,400","8,100","325,86K","-2,60%"
"10.06.2020","8,450","8,400","8,450","8,300","491,91K","0,00%"
"09.06.2020","8,450","8,520","8,590","8,450","430,14K","-1,74%"
"08.06.2020","8,600","8,660","8,670","8,600","305,73K","-0,58%"
"05.06.2020","8,650","8,150","8,700","8,150","1,38M","6,40%"
"04.06.2020","8,130","8,000","8,130","8,000","1,10M","2,65%"
"03.06.2020","7,920","7,800","7,930","7,800","370,19K","1,54%"
"02.06.2020","7,800","7,800","7,810","7,800","2,29M","0,65%"
"01.06.2020","7,750","7,800","7,800","7,700","250,20K","-0,64%"
"29.05.2020","7,800","7,750","7,830","7,750","336,76K","0,65%"
"28.05.2020","7,750","7,620","7,750","7,620","305,47K","2,65%"
"27.05.2020","7,550","7,600","7,600","7,550","149,19K","-0,66%"
"26.05.2020","7,600","7,700","7,700","7,600","213,65K","-1,30%"
"25.05.2020","7,700","7,720","7,720","7,700","42,59K","-0,26%"
"22.05.2020","7,720","7,800","7,800","7,510","258,41K","-0,39%"
"21.05.2020","7,750","7,800","7,810","7,700","135,30K","-1,77%"
"20.05.2020","7,890","8,000","8,000","7,890","130,59K","-0,75%"
"19.05.2020","7,950","8,000","8,040","7,930","301,89K","-0,50%"
"18.05.2020","7,990","7,650","7,990","7,650","89,63K","5,13%"
"15.05.2020","7,600","7,550","7,650","7,550","375,06K","0,00%"
"14.05.2020","7,600","7,600","7,600","7,200","489,75K","0,00%"
"13.05.2020","7,600","7,810","7,810","7,600","330,60K","-2,69%"
"12.05.2020","7,810","7,550","8,000","7,550","881,92K","3,44%"
"11.05.2020","7,550","7,410","7,550","7,410","294,99K","0,80%"
"08.05.2020","7,490","7,230","7,490","7,230","1,77M","4,76%"
"07.05.2020","7,150","7,300","7,300","7,150","218,35K","-2,05%"
"06.05.2020","7,300","7,100","7,300","7,000","437,58K","3,40%"
"05.05.2020","7,060","6,810","7,060","6,760","678,23K","3,82%"
"04.05.2020","6,800","6,910","6,910","6,760","520,05K","-0,87%"
"30.04.2020","6,860","6,900","7,000","6,850","142,81K","0,15%"
"29.04.2020","6,850","6,800","6,970","6,800","907,92K","0,74%"
"28.04.2020","6,800","6,810","6,860","6,800","332,94K","-0,15%"
"27.04.2020","6,810","7,000","7,000","6,810","280,42K","-2,71%"
"24.04.2020","7,000","7,100","7,120","7,000","337,44K","-1,41%"
"23.04.2020","7,100","7,200","7,200","7,100","844,20K","-1,39%"
"22.04.2020","7,200","7,450","7,450","7,190","395,82K","-3,49%"
"21.04.2020","7,460","7,500","7,500","7,460","76,81K","-1,84%"
"20.04.2020","7,600","7,600","7,600","7,600","99,81K","0,00%"
"17.04.2020","7,600","7,250","7,600","7,250","1,67M","4,83%"
"16.04.2020","7,250","7,170","7,250","7,170","309,95K","1,83%"
"15.04.2020","7,120","7,150","7,150","7,070","182,26K","1,71%"
"14.04.2020","7,000","7,000","7,050","6,990","400,74K","0,00%"
"13.04.2020","7,000","7,000","7,000","6,990","216,50K","0,14%"
"08.04.2020","6,990","7,000","7,000","6,970","208,78K","-0,14%"
"07.04.2020","7,000","7,000","7,000","6,970","190,96K","0,00%"
"06.04.2020","7,000","7,000","7,000","6,950","188,10K","0,00%"
"03.04.2020","7,000","7,250","7,250","7,000","661,81K","-3,45%"
"02.04.2020","7,250","7,300","7,350","7,250","233,34K","-0,68%"
"01.04.2020","7,300","7,350","7,350","7,250","216,35K","-0,68%"
"31.03.2020","7,350","7,600","7,600","7,350","539,10K","-3,29%"
"30.03.2020","7,600","7,850","7,850","7,500","3,78M","-5,00%"
"27.03.2020","8,000","8,000","8,000","7,850","748,23K","0,00%"
"26.03.2020","8,000","7,900","8,000","7,900","2,03M","1,27%"
"25.03.2020","7,900","7,910","7,910","7,800","937,21K","0,00%"
"24.03.2020","7,900","7,750","7,900","7,750","2,68M","1,94%"
"23.03.2020","7,750","7,550","7,750","7,550","54,91K","2,65%"
"20.03.2020","7,550","7,370","7,600","7,370","386,69K","3,42%"
"19.03.2020","7,300","7,200","7,300","7,200","334,97K","1,39%"
"18.03.2020","7,200","7,150","7,210","7,130","180,01K","0,70%"
"17.03.2020","7,150","7,050","7,150","7,050","335,65K","2,14%"
"16.03.2020","7,000","7,000","7,000","6,990","195,80K","-3,45%"
"13.03.2020","7,250","7,450","7,500","7,200","381,29K","-2,03%"
"12.03.2020","7,400","8,160","8,160","7,300","213,30K","-10,09%"
"11.03.2020","8,230","8,400","8,400","8,230","85,27K","-2,02%"
"10.03.2020","8,400","8,500","8,500","8,400","525,53K","1,08%"
"09.03.2020","8,310","8,500","8,500","8,220","198,64K","-3,37%"
"06.03.2020","8,600","8,750","8,750","8,600","1,35M","-2,16%"
"05.03.2020","8,790","8,790","8,790","8,790","104,40K","0,46%"
"04.03.2020","8,750","8,700","8,750","8,650","701,00K","0,57%"
"03.03.2020","8,700","8,600","8,700","8,550","185,34K","1,75%"
"02.03.2020","8,550","8,550","8,550","8,540","67,42K","0,59%"
"28.02.2020","8,500","8,620","8,620","8,500","161,54K","-1,39%"
"27.02.2020","8,620","8,750","8,750","8,620","631,76K","-3,15%"
"26.02.2020","8,900","9,000","9,000","8,900","33,24K","-1,11%"
"25.02.2020","9,000","9,050","9,050","9,000","49,23K","-0,55%"
"24.02.2020","9,050","9,080","9,080","9,050","138,70K","-0,55%"
"21.02.2020","9,100","9,100","9,100","9,100","3,35K","0,00%"
"20.02.2020","9,100","9,100","9,100","9,100","12,16K","0,00%"
"19.02.2020","9,100","9,100","9,100","9,100","3,28K","0,33%"
"18.02.2020","9,070","9,120","9,120","9,070","69,86K","-0,55%"
"17.02.2020","9,120","9,120","9,120","9,120","2,19K","-0,33%"
"14.02.2020","9,150","9,150","9,150","9,150","122,33K","0,00%"
"13.02.2020","9,150","9,150","9,150","9,150","156,42K","0,00%"
"12.02.2020","9,150","9,260","9,260","9,140","233,65K","-1,08%"
"11.02.2020","9,250","9,250","9,250","9,250","321,76K","0,54%"
"10.02.2020","9,200","9,200","9,200","9,200","77,90K","0,55%"
"07.02.2020","9,150","9,150","9,150","9,150","533,44K","0,00%"
"06.02.2020","9,150","9,150","9,150","9,150","9,59K","0,00%"
"05.02.2020","9,150","9,150","9,150","9,150","5,10K","0,55%"
"04.02.2020","9,100","9,100","9,100","9,100","268,96K","0,55%"
"03.02.2020","9,050","9,100","9,100","9,000","501,36K","-0,55%"
"31.01.2020","9,100","9,250","9,300","9,100","766,69K","-2,15%"
"30.01.2020","9,300","9,350","9,350","9,300","510,00K","0,00%"
"29.01.2020","9,300","9,240","9,350","9,240","521,74K","1,09%"
"28.01.2020","9,200","9,190","9,200","9,190","33,55K","0,11%"
"27.01.2020","9,190","9,230","9,230","9,190","258,12K","-0,33%"
"24.01.2020","9,220","9,240","9,240","9,220","277,04K","0,22%"
"23.01.2020","9,200","9,170","9,200","9,170","167,40K","0,33%"
"22.01.2020","9,170","9,100","9,170","9,100","1,06M","0,77%"
"21.01.2020","9,100","9,000","9,100","9,000","794,38K","1,11%"
"20.01.2020","9,000","9,000","9,000","9,000","6,48K","0,00%"
"17.01.2020","9,000","9,000","9,000","9,000","1,21M","40,19%"
"16.01.2020","6,420","6,410","6,420","6,390","380,28K","-29,06%"
"15.01.2020","9,050","9,000","9,100","9,000","1,01M","0,56%"
"14.01.2020","9,000","8,970","9,050","8,950","498,67K","0,90%"
"13.01.2020","8,920","9,000","9,010","8,920","64,79K","-0,89%"
"10.01.2020","9,000","9,000","9,000","8,950","11,89K","0,00%"
"09.01.2020","9,000","9,000","9,000","9,000","524,01K","-0,88%"
"08.01.2020","9,080","9,100","9,100","9,080","159,75K","-0,55%"
"07.01.2020","9,130","9,150","9,150","9,130","116,60K","-0,22%"
"06.01.2020","9,150","9,150","9,150","9,150","3,59K","0,00%"
"03.01.2020","9,150","9,180","9,180","9,150","55,97K","-0,44%"
"02.01.2020","9,190","9,200","9,200","9,190","413,86K","-0,11%"
"31.12.2019","9,200","9,200","9,200","9,200","55,00K","0,00%"
"30.12.2019","9,200","9,200","9,200","9,200","242,26K","0,00%"
"27.12.2019","9,200","9,200","9,200","9,200","146,74K","0,00%"
"26.12.2019","9,200","9,140","9,200","9,140","6,43K","0,11%"
"24.12.2019","9,190","9,200","9,200","9,190","154,08K","-0,11%"
"23.12.2019","9,200","9,200","9,200","9,190","55,85K","0,00%"
"20.12.2019","9,200","9,200","9,200","9,200","121,60K","0,00%"
"19.12.2019","9,200","8,840","9,200","8,840","405,46K","4,66%"
"18.12.2019","8,790","8,700","8,790","8,700","46,27K","1,03%"
"17.12.2019","8,700","8,700","8,700","8,700","598,96K","0,00%"
"16.12.2019","8,700","8,730","8,750","8,700","76,06K","-0,57%"
"13.12.2019","8,750","8,750","8,750","8,750","10,15K","0,00%"
"12.12.2019","8,750","8,800","8,800","8,750","135,46K","-0,57%"
"11.12.2019","8,800","8,900","8,900","8,800","427,61K","-1,68%"
"10.12.2019","8,950","8,620","8,950","8,620","727,59K","3,83%"
"09.12.2019","8,620","8,550","8,620","8,550","40,69K","0,94%"
"06.12.2019","8,540","8,500","8,550","8,500","535,41K","0,47%"
"05.12.2019","8,500","8,500","8,510","8,500","1,63M","0,00%"
"04.12.2019","8,500","8,650","8,650","8,500","1,82M","-1,73%"
"03.12.2019","8,650","8,800","8,800","8,650","194,57K","-1,70%"
"02.12.2019","8,800","8,800","8,800","8,800","39,53K","0,00%"
"29.11.2019","8,800","8,800","8,800","8,800","5,00K","0,57%"
"28.11.2019","8,750","8,850","8,850","8,750","80,45K","-0,57%"
"27.11.2019","8,800","8,860","8,860","8,750","151,91K","-1,12%"
"26.11.2019","8,900","8,900","8,900","8,900","234,05K","0,00%"
"25.11.2019","8,900","8,900","8,900","8,900","5,34K","0,00%"
"22.11.2019","8,900","8,900","8,900","8,900","39,18K","0,00%"
"21.11.2019","8,900","8,900","8,900","8,900","135,00K","0,11%"
"20.11.2019","8,890","8,850","8,890","8,850","130,97K","0,45%"
"19.11.2019","8,850","8,930","8,930","8,850","418,58K","-0,90%"
"18.11.2019","8,930","8,970","8,970","8,930","382,81K","-0,78%"
"15.11.2019","9,000","9,000","9,000","9,000","15,93K","0,00%"
"14.11.2019","9,000","8,960","9,000","8,960","174,20K","0,00%"
"13.11.2019","9,000","9,000","9,000","9,000","147,50K","0,00%"
"12.11.2019","9,000","9,000","9,000","9,000","96,64K","0,00%"
"11.11.2019","9,000","8,950","9,000","8,950","250,15K","0,00%"
"08.11.2019","9,000","9,200","9,200","9,000","187,05K","-2,17%"
"07.11.2019","9,200","9,200","9,200","9,200","146,37K","0,00%"
"06.11.2019","9,200","9,200","9,200","9,200","652,79K","0,00%"
"05.11.2019","9,200","9,200","9,200","9,200","354,55K","0,00%"
"04.11.2019","9,200","9,170","9,200","9,170","14,04K","0,33%"
"31.10.2019","9,170","9,200","9,200","9,170","537,60K","0,11%"
"30.10.2019","9,160","9,200","9,200","9,150","20,21K","-0,43%"
"29.10.2019","9,200","9,230","9,230","9,200","179,38K","-0,33%"
"28.10.2019","9,230","9,150","9,230","9,150","6,55K","0,33%"
"25.10.2019","9,200","9,230","9,230","9,200","110,09K","-0,33%"
"24.10.2019","9,230","9,230","9,230","9,220","92,32K","0,00%"
"23.10.2019","9,230","9,300","9,300","9,230","235,53K","-0,97%"
"22.10.2019","9,320","9,360","9,360","9,320","10,19K","-0,85%"
"21.10.2019","9,400","9,450","9,450","9,400","75,56K","-0,11%"
"18.10.2019","9,410","9,350","9,410","9,350","117,86K","1,07%"
"17.10.2019","9,310","9,310","9,310","9,310","5,00K","0,54%"
"16.10.2019","9,260","9,260","9,260","9,260","142,43K","-0,43%"
"15.10.2019","9,300","9,250","9,300","9,250","30,97K","0,00%"
"14.10.2019","9,300","9,250","9,300","9,250","91,13K","1,09%"
"11.10.2019","9,200","9,050","9,200","9,000","100,03K","2,22%"
"10.10.2019","9,000","9,000","9,000","9,000","291,85K","0,00%"
"09.10.2019","9,000","9,020","9,030","9,000","880,94K","-0,22%"
"07.10.2019","9,020","9,010","9,020","9,010","6,89K","0,11%"
"04.10.2019","9,010","9,000","9,050","9,000","219,02K","0,11%"
"03.10.2019","9,000","9,000","9,000","9,000","147,25K","-0,55%"
"02.10.2019","9,050","9,080","9,080","9,050","8,71K","-0,33%"
"01.10.2019","9,080","9,200","9,250","9,000","337,40K","-2,37%"
"30.09.2019","9,300","9,300","9,300","9,300","","0,00%"
"27.09.2019","9,300","9,300","9,300","9,300","67,32K","0,54%"
"26.09.2019","9,250","9,260","9,260","9,250","42,10K","-0,11%"
"25.09.2019","9,260","9,300","9,300","9,260","5,90K","-0,43%"
"24.09.2019","9,300","9,350","9,350","9,300","173,40K","-0,53%"
"23.09.2019","9,350","9,350","9,400","9,350","88,54K","0,54%"
"20.09.2019","9,300","9,250","9,300","9,250","4,23M","0,54%"
"19.09.2019","9,250","9,400","9,400","9,250","1,17M","-1,60%"
"18.09.2019","9,400","9,390","9,400","9,390","4,15K","0,11%"
"17.09.2019","9,390","9,390","9,390","9,390","10,00K","0,00%"
"16.09.2019","9,390","9,390","9,390","9,390","1,00K","-0,11%"
"13.09.2019","9,400","9,400","9,400","9,350","133,87K","0,00%"
"12.09.2019","9,400","9,400","9,450","9,400","54,37K","0,00%"
"11.09.2019","9,400","9,400","9,400","9,400","281,28K","0,00%"
"10.09.2019","9,400","9,410","9,410","9,400","20,60K","0,43%"
"09.09.2019","9,360","9,400","9,400","9,360","95,46K","-0,43%"
"06.09.2019","9,400","9,400","9,400","9,350","206,83K","0,53%"
"05.09.2019","9,350","9,500","9,500","9,300","1,05M","-0,53%"
"04.09.2019","9,400","9,500","9,500","9,400","251,42K","-1,05%"
"03.09.2019","9,500","9,550","9,550","9,500","71,49K","0,00%"
"02.09.2019","9,500","9,500","9,550","9,500","446,39K","0,00%"
"29.08.2019","9,500","9,500","9,500","9,500","5,55K","0,53%"
"28.08.2019","9,450","9,450","9,450","9,450","113,97K","0,53%"
"27.08.2019","9,400","9,350","9,400","9,350","176,96K","0,00%"
"26.08.2019","9,400","9,400","9,400","9,400","5,00K","-0,53%"
"23.08.2019","9,450","9,500","9,500","9,450","102,06K","-1,15%"
"22.08.2019","9,560","9,700","9,700","9,560","77,45K","0,00%"
"21.08.2019","9,560","9,600","9,600","9,560","260,00K","-1,44%"
"20.08.2019","9,700","9,600","9,700","9,600","131,60K","0,52%"
"19.08.2019","9,650","9,650","9,750","9,650","5,63K","0,00%"
"16.08.2019","9,650","9,650","9,700","9,650","808,07K","-0,52%"
"15.08.2019","9,700","9,650","9,700","9,650","12,37K","0,00%"
"14.08.2019","9,700","9,650","9,700","9,650","2,31K","0,52%"
"13.08.2019","9,650","9,700","9,700","9,650","2,94K","0,52%"
"12.08.2019","9,600","9,700","9,700","9,600","229,40K","-1,03%"
"09.08.2019","9,700","9,800","9,800","9,700","104,92K","-1,52%"
"08.08.2019","9,850","9,800","9,850","9,750","899,50K","1,03%"
"07.08.2019","9,750","9,800","9,800","9,750","937,56K","-0,51%"
"06.08.2019","9,800","9,950","9,950","9,800","187,19K","-1,51%"
"05.08.2019","9,950","10,000","10,000","9,950","9,90K","-1,97%"
"02.08.2019","10,150","10,000","10,150","10,000","42,72K","1,40%"
"01.08.2019","10,010","10,500","10,500","10,010","165,00K","-5,57%"
"31.07.2019","10,600","10,600","10,600","10,500","66,31K","-0,84%"
"30.07.2019","10,690","10,800","10,800","10,690","58,77K","-1,93%"
"26.07.2019","10,900","10,900","10,900","10,900","2,78K","0,00%"
"25.07.2019","10,900","10,900","10,900","10,900","9,39K","0,00%"
"24.07.2019","10,900","10,850","10,900","10,800","135,29K","0,46%"
"23.07.2019","10,850","10,790","10,850","10,790","49,25K","1,40%"
"22.07.2019","10,700","10,800","10,800","10,700","203,09K","-0,47%"
"19.07.2019","10,750","10,650","10,770","10,650","978,89K","0,94%"
"18.07.2019","10,650","10,650","10,650","10,650","3,17K","0,00%"
"17.07.2019","10,650","10,650","10,660","10,650","66,98K","0,00%"
"16.07.2019","10,650","10,550","10,650","10,550","30,10K","0,95%"
"15.07.2019","10,550","10,550","10,550","10,550","145,18K","-1,40%"
"12.07.2019","10,700","10,550","10,700","10,550","147,46K","1,42%"
"11.07.2019","10,550","10,300","10,550","10,300","704,57K","2,93%"
"10.07.2019","10,250","10,250","10,250","10,250","187,21K","0,00%"
"09.07.2019","10,250","10,200","10,250","10,200","27,91K","0,99%"
"08.07.2019","10,150","10,280","10,280","10,150","966,15K","-1,26%"
"05.07.2019","10,280","10,350","10,350","10,280","87,09K","-0,68%"
"04.07.2019","10,350","10,350","10,350","10,320","530,36K","0,10%"
"03.07.2019","10,340","10,350","10,350","10,340","434,47K","-0,10%"
"02.07.2019","10,350","10,330","10,350","10,330","50,74K","0,19%"
"01.07.2019","10,330","10,330","10,350","10,300","481,89K","0,00%"
"28.06.2019","10,330","10,300","10,330","10,300","21,52K","0,10%"
"27.06.2019","10,320","10,280","10,330","10,280","49,06K","0,39%"
"26.06.2019","10,280","10,330","10,330","10,280","299,43K","0,00%"
"25.06.2019","10,280","10,350","10,400","10,280","192,42K","-1,15%"
"24.06.2019","10,400","10,440","10,440","10,400","51,33K","-0,38%"
"21.06.2019","10,440","10,490","10,490","10,440","108,38K","-0,48%"
"20.06.2019","10,490","10,500","10,520","10,490","227,28K","0,00%"
"19.06.2019","10,490","10,500","10,500","10,490","20,97K","-1,04%"
"18.06.2019","10,600","10,550","10,600","10,550","22,41K","0,47%"
"17.06.2019","10,550","10,550","10,550","10,550","312,29K","-0,38%"
"14.06.2019","10,590","10,580","10,600","10,550","104,20K","0,09%"
"13.06.2019","10,580","10,570","10,580","10,570","28,53K","0,09%"
"12.06.2019","10,570","10,590","10,600","10,570","145,00K","-0,09%"
"11.06.2019","10,580","10,580","10,580","10,580","214,35K","0,00%"
"10.06.2019","10,580","10,580","10,580","10,580","200,00K","0,28%"
"07.06.2019","10,550","10,550","10,550","10,550","23,76K","0,00%"
"06.06.2019","10,550","10,570","10,570","10,550","130,10K","-0,47%"
"05.06.2019","10,600","10,650","10,650","10,600","189,33K","-0,47%"
"04.06.2019","10,650","10,650","10,650","10,650","32,05K","0,00%"
"03.06.2019","10,650","10,650","10,650","10,650","370,66K","0,09%"
"31.05.2019","10,640","10,610","10,650","10,610","140,12K","0,28%"
"30.05.2019","10,610","10,610","10,610","10,610","93,98K","0,00%"
"29.05.2019","10,610","10,550","10,610","10,550","430,86K","0,57%"
"28.05.2019","10,550","10,550","10,550","10,550","552,17K","0,48%"
"27.05.2019","10,500","10,500","10,500","10,500","2,24K","0,48%"
"24.05.2019","10,450","10,450","10,450","10,450","5,00K","0,00%"
"23.05.2019","10,450","10,500","10,500","10,400","356,59K","-0,48%"
"22.05.2019","10,500","10,500","10,500","10,500","32,51K","-0,47%"
"21.05.2019","10,550","10,540","10,550","10,540","8,24K","0,09%"
"20.05.2019","10,540","10,550","10,550","10,540","9,36K","0,38%"
"17.05.2019","10,500","10,650","10,650","10,500","75,30K","-1,87%"
"16.05.2019","10,700","10,750","10,750","10,700","72,89K","-0,47%"
"15.05.2019","10,750","10,800","10,800","10,750","14,52K","-0,46%"
"14.05.2019","10,800","10,850","10,850","10,750","424,51K","0,00%"
"13.05.2019","10,800","10,850","10,850","10,800","104,90K","-0,46%"
"10.05.2019","10,850","10,800","10,850","10,800","1,33M","0,93%"
"09.05.2019","10,750","10,750","10,750","10,750","3,00K","0,00%"
"08.05.2019","10,750","10,710","10,750","10,710","81,15K","0,37%"
"07.05.2019","10,710","10,710","10,710","10,710","0,48K","0,00%"
"06.05.2019","10,710","10,710","10,710","10,710","138,30K","0,00%"
"03.05.2019","10,710","10,700","10,730","10,700","85,68K","0,09%"
"02.05.2019","10,700","10,700","10,700","10,600","133,36K","0,00%"
"30.04.2019","10,700","10,600","10,700","10,600","60,01K","0,47%"
"29.04.2019","10,650","10,650","10,650","10,650","99,35K","-0,47%"
"26.04.2019","10,700","10,700","10,700","10,700","1,75K","0,00%"
"25.04.2019","10,700","10,710","10,710","10,660","1,37M","-0,09%"
"24.04.2019","10,710","10,760","10,760","10,710","193,28K","-2,64%"
"23.04.2019","11,000","11,050","11,050","11,000","117,02K","-0,45%"
"22.04.2019","11,050","11,050","11,050","11,000","32,22K","0,45%"
"17.04.2019","11,000","11,050","11,050","11,000","215,41K","-0,45%"
"16.04.2019","11,050","11,100","11,100","11,050","15,01K","0,00%"
"15.04.2019","11,050","11,100","11,100","11,050","164,73K","-0,45%"
"12.04.2019","11,100","11,050","11,100","11,050","11,00K","0,45%"
"11.04.2019","11,050","11,000","11,050","11,000","128,91K","0,00%"
"10.04.2019","11,050","11,050","11,080","11,050","97,15K","0,00%"
"09.04.2019","11,050","11,100","11,100","11,050","65,53K","-0,45%"
"08.04.2019","11,100","11,100","11,100","11,100","104,70K","-0,45%"
"05.04.2019","11,150","11,150","11,240","11,150","88,45K","-0,45%"
"04.04.2019","11,200","11,150","11,200","11,130","552,60K","0,45%"
"03.04.2019","11,150","11,050","11,170","11,050","535,80K","0,90%"
"02.04.2019","11,050","10,950","11,050","10,950","220,11K","1,84%"
"01.04.2019","10,850","10,850","10,850","10,850","123,65K","0,00%"
"29.03.2019","10,850","10,850","10,850","10,850","96,03K","0,00%"
"28.03.2019","10,850","10,900","10,900","10,850","209,66K","-0,46%"
"27.03.2019","10,900","10,950","10,950","10,900","343,12K","-0,91%"
"26.03.2019","11,000","11,050","11,100","11,000","55,35K","-0,45%"
"25.03.2019","11,050","11,150","11,150","11,050","118,26K","-0,90%"
"22.03.2019","11,150","11,150","11,150","11,150","26,05K","-0,27%"
"21.03.2019","11,180","11,180","11,180","11,180","101,47K","-0,18%"
"20.03.2019","11,200","11,240","11,250","11,200","36,32K","-0,36%"
"19.03.2019","11,240","11,240","11,240","11,240","63,15K","-0,09%"
"18.03.2019","11,250","11,240","11,250","11,240","800,39K","0,54%"
"15.03.2019","11,190","11,190","11,240","11,190","130,69K","0,45%"
"14.03.2019","11,140","11,140","11,140","11,140","22,34K","-0,45%"
"13.03.2019","11,190","11,200","11,200","11,190","89,11K","-0,09%"
"12.03.2019","11,200","11,210","11,300","11,200","1,64M","0,00%"
"11.03.2019","11,200","11,150","11,200","11,150","148,76K","0,00%"
"08.03.2019","11,200","11,150","11,200","11,150","605,60K","0,45%"
"07.03.2019","11,150","11,050","11,150","11,050","225,80K","0,90%"
"06.03.2019","11,050","10,990","11,050","10,990","205,27K","0,55%"
"05.03.2019","10,990","11,200","11,200","10,950","677,13K","-2,31%"
"04.03.2019","11,250","11,250","11,250","11,250","5,00K","-0,44%"
"01.03.2019","11,300","11,250","11,300","11,250","5,30K","0,44%"
"28.02.2019","11,250","11,210","11,250","11,210","85,92K","0,00%"
"27.02.2019","11,250","11,300","11,300","11,250","57,00K","-0,35%"
"26.02.2019","11,290","11,300","11,300","11,290","997,85K","-0,09%"
"25.02.2019","11,300","11,310","11,310","11,300","381,45K","0,36%"
"22.02.2019","11,260","11,200","11,260","11,200","94,00K","0,54%"
"21.02.2019","11,200","11,200","11,200","11,150","504,26K","0,00%"
"20.02.2019","11,200","11,260","11,260","11,200","342,49K","-0,53%"
"19.02.2019","11,260","11,200","11,350","11,200","242,72K","0,54%"
"18.02.2019","11,200","11,300","11,300","11,200","512,60K","-1,32%"
"15.02.2019","11,350","11,390","11,400","11,350","6,00K","-0,44%"
"14.02.2019","11,400","11,360","11,400","11,360","891,83K","0,35%"
"13.02.2019","11,360","11,310","11,360","11,310","306,41K","0,44%"
"12.02.2019","11,310","11,300","11,310","11,300","43,76K","-0,79%"
"11.02.2019","11,400","11,400","11,400","11,400","5,80K","-0,52%"
"08.02.2019","11,460","11,460","11,460","11,460","6,50K","0,00%"
"07.02.2019","11,460","11,350","11,510","11,350","547,79K","1,42%"
"06.02.2019","11,300","11,300","11,350","11,300","268,48K","-0,44%"
"05.02.2019","11,350","11,550","11,550","11,350","276,61K","-1,73%"
"04.02.2019","11,550","11,330","11,550","11,330","583,48K","2,21%"
"01.02.2019","11,300","10,700","11,450","10,700","653,16K","7,01%"
"31.01.2019","10,560","10,500","10,650","10,500","1,33M","0,86%"
"30.01.2019","10,470","10,450","10,530","10,450","395,16K","0,19%"
"29.01.2019","10,450","10,450","10,450","10,450","76,00K","0,00%"
"28.01.2019","10,450","10,500","10,500","10,450","9,03K","-0,95%"
"25.01.2019","10,550","10,330","10,550","10,330","284,07K","2,63%"
"24.01.2019","10,280","10,250","10,330","10,250","146,06K","0,78%"
"23.01.2019","10,200","10,200","10,200","10,190","105,05K","0,49%"
"22.01.2019","10,150","10,150","10,150","10,150","1,18K","0,00%"
"21.01.2019","10,150","10,150","10,150","10,150","15,00K","-0,10%"
"18.01.2019","10,160","10,200","10,200","10,160","55,19K","-0,39%"
"17.01.2019","10,200","10,200","10,250","10,200","33,53K","0,00%"
"16.01.2019","10,200","10,200","10,200","10,200","61,70K","0,00%"
"15.01.2019","10,200","10,200","10,200","10,200","23,84K","0,00%"
"14.01.2019","10,200","10,120","10,200","10,120","16,50K","0,79%"
"11.01.2019","10,120","10,150","10,150","10,120","80,98K","-0,30%"
"10.01.2019","10,150","10,100","10,150","10,100","56,28K","0,50%"
"09.01.2019","10,100","10,050","10,100","10,000","358,32K","1,00%"
"08.01.2019","10,000","10,000","10,000","10,000","516,78K","0,00%"
"07.01.2019","10,000","10,000","10,000","9,990","588,09K","0,00%"
"04.01.2019","10,000","9,900","10,000","9,900","228,51K","1,01%"
"03.01.2019","9,900","9,900","9,900","9,900","7,50K","0,00%"
"02.01.2019","9,900","9,900","9,900","9,900","8,00K","-0,50%"
"31.12.2018","9,950","9,950","9,950","9,950","9,01K","0,00%"
"28.12.2018","9,950","9,950","9,950","9,950","9,01K","0,00%"
"27.12.2018","9,950","9,980","9,980","9,950","14,20K","-0,30%"
"26.12.2018","9,980","9,980","9,980","9,980","922,66K","-0,20%"
"24.12.2018","10,000","10,000","10,000","10,000","0,99K","0,00%"
"21.12.2018","10,000","10,010","10,010","10,000","262,19K","-0,99%"
"20.12.2018","10,100","10,100","10,100","10,100","3,46K","0,00%"
"19.12.2018","10,100","10,100","10,100","10,100","1,08M","0,00%"
"18.12.2018","10,100","10,200","10,200","10,100","1,56M","-1,46%"
"17.12.2018","10,250","10,150","10,250","10,150","139,00K","1,49%"
"14.12.2018","10,100","10,160","10,160","10,050","403,62K","-0,59%"
"13.12.2018","10,160","10,200","10,200","10,160","414,90K","0,00%"
"12.12.2018","10,160","10,130","10,200","10,080","405,61K","0,30%"
"11.12.2018","10,130","10,130","10,130","10,130","267,60K","0,00%"
"10.12.2018","10,130","10,180","10,180","10,130","375,02K","-0,20%"
"07.12.2018","10,150","10,250","10,250","10,150","2,97M","-0,98%"
"06.12.2018","10,250","10,450","10,450","10,250","177,13K","-1,91%"
"05.12.2018","10,450","10,450","10,500","10,450","105,76K","0,00%"
"04.12.2018","10,450","10,290","10,450","10,290","321,06K","1,95%"
"03.12.2018","10,250","10,250","10,250","10,250","1,88K","-0,49%"
"30.11.2018","10,300","10,300","10,300","10,300","551,90K","0,00%"
"29.11.2018","10,300","10,200","10,300","10,200","190,30K","0,98%"
"28.11.2018","10,200","10,000","10,200","10,000","273,43K","2,00%"
"27.11.2018","10,000","9,900","10,000","9,900","10,87K","1,01%"
"26.11.2018","9,900","9,900","9,900","9,900","248,06K","0,41%"
"23.11.2018","9,860","9,830","9,860","9,830","75,29K","0,31%"
"22.11.2018","9,830","9,860","9,860","9,830","43,90K","-0,30%"
"21.11.2018","9,860","9,860","9,950","9,860","9,61K","0,00%"
"20.11.2018","9,860","9,950","9,950","9,850","855,48K","-0,90%"
"19.11.2018","9,950","9,910","9,950","9,910","171,30K","0,40%"
"16.11.2018","9,910","9,810","9,910","9,810","50,61K","1,02%"
"15.11.2018","9,810","9,750","9,810","9,750","75,34K","0,00%"
"14.11.2018","9,810","9,800","9,810","9,800","3,01K","0,00%"
"13.11.2018","9,810","9,800","9,900","9,760","4,46M","0,10%"
"12.11.2018","9,800","9,900","9,900","9,800","58,40K","-1,71%"
"09.11.2018","9,970","10,000","10,000","9,970","113,39K","-0,30%"
"08.11.2018","10,000","10,000","10,030","10,000","230,81K","0,20%"
"07.11.2018","9,980","9,970","9,980","9,970","2,03M","0,10%"
"06.11.2018","9,970","9,910","9,970","9,910","75,64K","0,20%"
"05.11.2018","9,950","9,750","9,950","9,720","429,49K","1,84%"
"02.11.2018","9,770","9,800","9,850","9,770","2,80M","0,21%"
"31.10.2018","9,750","9,800","9,800","9,750","120,71K","-1,02%"
"30.10.2018","9,850","9,800","9,850","9,800","5,16K","0,00%"
"29.10.2018","9,850","9,900","9,900","9,850","544,92K","-0,51%"
"26.10.2018","9,900","9,960","9,980","9,900","24,38K","-0,60%"
"25.10.2018","9,960","10,010","10,010","9,960","4,15K","0,00%"
"24.10.2018","9,960","9,950","10,000","9,950","12,32K","0,10%"
"23.10.2018","9,950","9,950","9,950","9,900","391,54K","0,00%"
"22.10.2018","9,950","10,020","10,020","9,950","64,17K","-0,70%"
"19.10.2018","10,020","9,950","10,020","9,950","862,58K","0,70%"
"18.10.2018","9,950","10,000","10,000","9,950","781,02K","-0,50%"
"17.10.2018","10,000","10,000","10,000","10,000","976,86K","-0,50%"
"16.10.2018","10,050","10,050","10,050","10,050","148,00K","0,00%"
"15.10.2018","10,050","10,050","10,100","10,050","235,41K","0,00%"
"12.10.2018","10,050","10,100","10,100","10,030","536,54K","-0,50%"
"11.10.2018","10,100","10,200","10,200","10,100","185,01K","-1,46%"
"10.10.2018","10,250","10,350","10,350","10,250","712,18K","-0,97%"
"09.10.2018","10,350","10,400","10,400","10,350","20,40K","-0,48%"
"05.10.2018","10,400","10,500","10,500","10,360","51,82K","-0,95%"
"04.10.2018","10,500","10,550","10,550","10,490","10,98K","-0,47%"
"03.10.2018","10,550","10,550","10,600","10,550","694,89K","-0,47%"
"02.10.2018","10,600","10,600","10,600","10,600","1,18K","0,47%"
"01.10.2018","10,550","10,550","10,550","10,550","160,63K","0,00%"
"28.09.2018","10,550","10,500","10,550","10,500","183,57K","0,48%"
"27.09.2018","10,500","10,450","10,500","10,450","476,35K","0,48%"
"26.09.2018","10,450","10,390","10,450","10,380","39,07K","0,38%"
"25.09.2018","10,410","10,310","10,410","10,310","79,47K","1,46%"
"24.09.2018","10,260","10,200","10,260","10,200","368,47K","0,49%"
"21.09.2018","10,210","10,100","10,220","10,100","28,90K","1,09%"
"20.09.2018","10,100","10,190","10,190","10,050","763,70K","-0,49%"
"19.09.2018","10,150","10,150","10,150","10,150","4,90K","0,50%"
"18.09.2018","10,100","10,100","10,100","10,050","212,24K","-0,10%"
"17.09.2018","10,110","10,100","10,110","10,100","354,16K","-0,39%"
"14.09.2018","10,150","10,200","10,200","10,150","1,19M","-0,49%"
"13.09.2018","10,200","10,110","10,210","10,110","160,28K","0,99%"
"12.09.2018","10,100","10,000","10,100","10,000","19,46K","0,50%"
"11.09.2018","10,050","10,300","10,300","10,050","1,06M","-2,90%"
"10.09.2018","10,350","10,500","10,500","10,350","400,52K","-1,43%"
"07.09.2018","10,500","10,500","10,500","10,500","2,70K","0,00%"
"06.09.2018","10,500","10,500","10,550","10,500","72,79K","0,00%"
"05.09.2018","10,500","10,650","10,650","10,500","168,42K","-1,87%"
"04.09.2018","10,700","10,850","10,870","10,700","532,30K","-1,83%"
"03.09.2018","10,900","10,950","10,950","10,900","54,41K","0,00%"
"31.08.2018","10,900","11,050","11,050","10,900","976,11K","-1,36%"
"29.08.2018","11,050","11,060","11,060","11,010","240,69K","-0,45%"
"28.08.2018","11,100","11,100","11,100","11,100","155,65K","0,00%"
"27.08.2018","11,100","11,050","11,100","11,050","44,70K","0,91%"
"24.08.2018","11,000","11,000","11,000","10,940","625,83K","0,00%"
"23.08.2018","11,000","11,000","11,000","11,000","712,37K","0,00%"
"22.08.2018","11,000","11,020","11,020","11,000","62,99K","-0,18%"
"21.08.2018","11,020","11,100","11,100","11,020","1,04M","-0,72%"
"20.08.2018","11,100","11,150","11,150","11,100","123,80K","-0,45%"
"17.08.2018","11,150","11,130","11,200","11,100","435,37K","0,00%"
"16.08.2018","11,150","11,200","11,200","11,150","770,28K","-0,89%"
"15.08.2018","11,250","11,250","11,250","11,250","1,43K","0,00%"
"14.08.2018","11,250","11,250","11,250","11,250","25,00K","-0,44%"
"13.08.2018","11,300","11,300","11,300","11,300","2,51K","-0,88%"
"10.08.2018","11,400","11,400","11,400","11,400","3,03K","-0,44%"
"09.08.2018","11,450","11,450","11,450","11,450","6,62K","0,00%"
"08.08.2018","11,450","11,450","11,450","11,450","1,05M","0,00%"
"07.08.2018","11,450","11,450","11,450","11,450","60,74K","0,00%"
"06.08.2018","11,450","11,500","11,500","11,450","150,32K","-1,21%"
"03.08.2018","11,590","11,590","11,590","11,590","43,73K","0,00%"
"02.08.2018","11,590","11,650","11,650","11,590","43,68K","-0,52%"
"01.08.2018","11,650","11,700","11,700","11,650","63,80K","-0,77%"
"31.07.2018","11,740","11,800","11,800","11,740","22,83K","-0,09%"
"30.07.2018","11,750","11,800","11,800","11,750","14,47K","-0,42%"
"27.07.2018","11,800","11,800","11,800","11,800","3,15K","0,43%"
"26.07.2018","11,750","11,600","11,750","11,600","252,08K","1,29%"
"25.07.2018","11,600","11,550","11,600","11,550","1,70K","0,43%"
"24.07.2018","11,550","11,550","11,550","11,550","60,13K","0,00%"
"23.07.2018","11,550","11,420","11,580","11,420","87,01K","1,32%"
"20.07.2018","11,400","11,450","11,450","11,400","331,40K","-0,44%"
"19.07.2018","11,450","11,500","11,500","11,450","15,02K","-0,43%"
"18.07.2018","11,500","11,550","11,550","11,500","512,59K","-0,86%"
"17.07.2018","11,600","11,400","11,600","11,400","37,02K","1,67%"
"16.07.2018","11,410","11,350","11,410","11,350","37,08K","0,53%"
"13.07.2018","11,350","11,400","11,400","11,350","51,09K","-0,44%"
"12.07.2018","11,400","11,350","11,500","11,350","542,21K","0,97%"
"11.07.2018","11,290","11,400","11,400","11,250","125,86K","-0,96%"
"10.07.2018","11,400","11,270","11,400","11,270","35,04K","1,15%"
"09.07.2018","11,270","11,270","11,270","11,270","764,40K","0,18%"
"06.07.2018","11,250","11,260","11,260","11,200","97,70K","-0,09%"
"05.07.2018","11,260","11,350","11,350","11,260","134,96K","-1,23%"
"04.07.2018","11,400","11,420","11,420","11,400","53,25K","-0,78%"
"03.07.2018","11,490","11,200","11,500","11,200","113,90K","2,59%"
"02.07.2018","11,200","11,040","11,200","11,040","248,01K","1,36%"
"28.06.2018","11,050","11,160","11,160","11,050","167,81K","-1,52%"
"27.06.2018","11,220","11,400","11,400","11,220","115,00K","-1,58%"
"26.06.2018","11,400","11,550","11,550","11,400","675,06K","-1,30%"
"25.06.2018","11,550","11,680","11,680","11,550","127,82K","-1,53%"
"22.06.2018","11,730","11,510","11,730","11,500","186,72K","1,47%"
"21.06.2018","11,560","11,560","11,560","11,560","24,38K","-0,34%"
"20.06.2018","11,600","11,650","11,650","11,550","323,10K","-0,85%"
"19.06.2018","11,700","11,600","11,700","11,600","446,77K","0,43%"
"18.06.2018","11,650","11,700","11,700","11,650","78,05K","-0,43%"
"15.06.2018","11,700","11,850","11,850","11,700","3,45M","-1,27%"
"14.06.2018","11,850","11,900","11,900","11,830","406,87K","-0,42%"
"13.06.2018","11,900","11,900","11,900","11,850","227,03K","0,00%"
"12.06.2018","11,900","11,780","11,900","11,780","1,06M","0,85%"
"11.06.2018","11,800","11,800","11,800","11,800","80,43K","0,00%"
"08.06.2018","11,800","11,800","11,800","11,780","272,72K","-0,76%"
"07.06.2018","11,890","11,570","11,890","11,570","249,20K","2,94%"
"06.06.2018","11,550","11,510","11,610","11,510","333,04K","0,35%"
"05.06.2018","11,510","11,600","11,600","11,500","463,91K","-0,78%"
"04.06.2018","11,600","11,730","11,730","11,600","214,59K","-0,26%"
"01.06.2018","11,630","11,610","11,630","11,610","42,04K","0,26%"
"31.05.2018","11,600","11,750","11,750","11,600","1,00M","-1,28%"
"30.05.2018","11,750","11,750","11,750","11,750","94,96K","0,86%"
"29.05.2018","11,650","11,750","11,750","11,650","123,74K","-0,85%"
"28.05.2018","11,750","11,800","11,800","11,750","116,39K","-0,42%"
"25.05.2018","11,800","11,880","11,880","11,800","166,58K","-1,17%"
"24.05.2018","11,940","11,900","11,940","11,900","458,45K","0,76%"
"23.05.2018","11,850","11,880","11,880","11,850","36,19K","-0,25%"
"22.05.2018","11,880","11,900","11,900","11,870","195,80K","-0,17%"
"21.05.2018","11,900","11,990","11,990","11,900","15,43K","-0,75%"
"18.05.2018","11,990","11,900","11,990","11,800","131,71K","1,61%"
"17.05.2018","11,800","11,600","11,800","11,600","71,82K","1,72%"
"16.05.2018","11,600","11,650","11,650","11,600","45,63K","-0,43%"
"15.05.2018","11,650","11,550","11,650","11,550","569,80K","0,43%"
"14.05.2018","11,600","11,850","11,850","11,600","258,80K","-2,52%"
"11.05.2018","11,900","12,000","12,000","11,900","12,35K","-0,42%"
"10.05.2018","11,950","11,800","11,950","11,800","400,11K","1,36%"
"09.05.2018","11,790","11,650","11,790","11,650","467,58K","1,20%"
"08.05.2018","11,650","11,500","11,700","11,500","149,77K","1,30%"
"07.05.2018","11,500","11,400","11,500","11,400","358,44K","0,88%"
"04.05.2018","11,400","11,620","11,620","11,300","699,22K","-2,40%"
"03.05.2018","11,680","11,880","11,880","11,600","129,21K","-2,26%"
"02.05.2018","11,950","11,970","11,970","11,950","153,34K","0,00%"
"30.04.2018","11,950","11,810","11,950","11,810","832,16K","1,19%"
"27.04.2018","11,810","11,800","11,890","11,800","26,82K","0,08%"
"26.04.2018","11,800","11,680","11,800","11,680","46,17K","1,11%"
"25.04.2018","11,670","11,560","11,670","11,560","525,05K","0,95%"
"24.04.2018","11,560","11,560","11,560","11,550","270,92K","-0,34%"
"23.04.2018","11,600","11,500","11,650","11,500","268,76K","0,43%"
"20.04.2018","11,550","11,510","11,600","11,510","71,34K","-1,70%"
"19.04.2018","11,750","11,650","11,750","11,650","707,12K","1,47%"
"18.04.2018","11,580","11,450","11,580","11,450","135,94K","1,31%"
"17.04.2018","11,430","11,300","11,500","11,300","141,08K","1,33%"
"16.04.2018","11,280","11,280","11,280","11,280","16,43K","0,00%"
"12.04.2018","11,280","11,280","11,280","11,280","2,95K","0,80%"
"11.04.2018","11,190","11,190","11,190","11,170","151,98K","0,00%"
"10.04.2018","11,190","11,150","11,250","11,150","61,08K","0,36%"
"09.04.2018","11,150","11,150","11,150","11,100","1,29M","0,00%"
"06.04.2018","11,150","11,070","11,150","11,050","542,92K","0,72%"
"05.04.2018","11,070","11,000","11,070","11,000","939,57K","0,64%"
"04.04.2018","11,000","11,000","11,000","11,000","42,39K","0,00%"
"03.04.2018","11,000","11,150","11,150","11,000","258,63K","-1,35%"
"02.04.2018","11,150","11,250","11,250","11,150","264,63K","-0,89%"
"28.03.2018","11,250","11,250","11,260","11,250","116,21K","-0,44%"
"27.03.2018","11,300","11,300","11,300","11,290","129,20K","-0,26%"
"26.03.2018","11,330","11,250","11,330","11,250","143,32K","0,71%"
"23.03.2018","11,250","11,250","11,250","11,250","220,76K","0,00%"
"22.03.2018","11,250","11,220","11,250","11,220","20,84K","-0,27%"
"21.03.2018","11,280","11,300","11,300","11,280","190,00K","-1,05%"
"20.03.2018","11,400","11,450","11,450","11,400","9,78K","-0,44%"
"19.03.2018","11,450","11,550","11,550","11,450","142,09K","-0,87%"
"16.03.2018","11,550","11,500","11,550","11,500","39,97K","0,43%"
"15.03.2018","11,500","11,400","11,500","11,400","1,31M","0,70%"
"14.03.2018","11,420","11,400","11,420","11,400","35,39K","0,18%"
"13.03.2018","11,400","11,250","11,400","11,250","45,18K","1,33%"
"12.03.2018","11,250","11,050","11,250","11,050","675,22K","1,35%"
"09.03.2018","11,100","11,000","11,100","11,000","26,46K","0,91%"
"08.03.2018","11,000","11,000","11,000","11,000","932,73K","-0,45%"
"07.03.2018","11,050","11,020","11,050","11,000","201,57K","0,45%"
"06.03.2018","11,000","11,000","11,000","11,000","1,40K","0,00%"
"05.03.2018","11,000","11,000","11,050","11,000","192,69K","-0,45%"
"02.03.2018","11,050","11,000","11,050","11,000","48,87K","-0,45%"
"01.03.2018","11,100","11,000","11,100","11,000","241,83K","0,91%"
"28.02.2018","11,000","11,000","11,000","11,000","356,39K","-1,35%"
"27.02.2018","11,150","11,190","11,190","11,150","24,91K","-0,45%"
"26.02.2018","11,200","11,200","11,200","11,160","1,63M","0,00%"
"23.02.2018","11,200","11,300","11,300","11,200","108,64K","-0,88%"
"22.02.2018","11,300","11,200","11,350","11,200","212,75K","1,35%"
"21.02.2018","11,150","11,050","11,150","11,050","124,22K","1,36%"
"20.02.2018","11,000","11,000","11,000","10,900","518,94K","0,00%"
"19.02.2018","11,000","10,900","11,000","10,890","13,34K","0,00%"
"16.02.2018","11,000","11,000","11,000","10,900","196,76K","0,00%"
"15.02.2018","11,000","11,050","11,050","11,000","221,23K","0,00%"
"14.02.2018","11,000","10,990","11,000","10,950","443,36K","0,09%"
"13.02.2018","10,990","11,000","11,000","10,990","22,62K","-0,09%"
"12.02.2018","11,000","11,130","11,130","11,000","453,42K","-1,17%"
"09.02.2018","11,130","11,130","11,130","11,130","240,36K","-0,18%"
"08.02.2018","11,150","11,150","11,150","11,150","151,17K","0,00%"
"07.02.2018","11,150","11,150","11,150","11,150","11,67K","0,00%"
"06.02.2018","11,150","11,150","11,150","11,000","235,83K","-0,45%"
"05.02.2018","11,200","11,200","11,200","11,200","5,00K","0,00%"
"02.02.2018","11,200","11,260","11,260","11,100","259,57K","-0,53%"
"01.02.2018","11,260","11,250","11,260","11,250","283,59K","0,90%"
"31.01.2018","11,160","11,500","11,500","11,160","183,93K","-2,96%"
"30.01.2018","11,500","11,620","11,620","11,500","76,16K","-1,03%"
"29.01.2018","11,620","11,630","11,630","11,620","54,17K","-0,17%"
"26.01.2018","11,640","11,610","11,700","11,590","140,19K","0,26%"
"25.01.2018","11,610","11,610","11,610","11,610","205,90K","0,00%"
"24.01.2018","11,610","11,450","11,610","11,450","56,21K","1,13%"
"23.01.2018","11,480","11,450","11,480","11,450","117,94K","0,26%"
"22.01.2018","11,450","11,400","11,450","11,400","3,32M","0,44%"
"19.01.2018","11,400","11,610","11,610","11,400","84,12K","-1,81%"
"18.01.2018","11,610","11,620","11,620","11,610","152,70K","0,00%"
"17.01.2018","11,610","11,800","11,800","11,610","1,37M","-1,19%"
"16.01.2018","11,750","11,350","11,750","11,350","75,31K","3,98%"
"15.01.2018","11,300","11,300","11,300","11,300","13,13K","0,00%"
"12.01.2018","11,300","11,200","11,300","11,200","41,74K","1,35%"
"11.01.2018","11,150","11,200","11,200","11,150","66,68K","-0,45%"
"10.01.2018","11,200","11,280","11,280","11,200","84,18K","-0,44%"
"09.01.2018","11,250","11,250","11,250","11,250","938,52K","0,45%"
"08.01.2018","11,200","11,100","11,200","11,100","366,28K","0,45%"
"05.01.2018","11,150","10,890","11,150","10,890","516,13K","2,76%"
"04.01.2018","10,850","10,700","10,850","10,700","7,22K","1,40%"
"03.01.2018","10,700","10,750","10,750","10,600","312,21K","-0,47%"
"02.01.2018","10,750","10,610","10,750","10,600","38,39K","1,42%"
"29.12.2017","10,600","10,550","10,600","10,550","57,80K","0,95%"
"28.12.2017","10,500","10,530","10,530","10,500","14,12K","-0,28%"
"27.12.2017","10,530","10,580","10,580","10,530","14,08K","-0,57%"
"26.12.2017","10,590","10,600","10,600","10,590","60,76K","-0,09%"
"22.12.2017","10,600","10,400","10,600","10,400","123,11K","2,91%"
"21.12.2017","10,300","10,300","10,300","10,250","266,65K","0,00%"
"20.12.2017","10,300","10,350","10,500","10,300","260,14K","0,00%"
"19.12.2017","10,300","10,150","10,300","10,110","571,81K","2,28%"
"18.12.2017","10,070","9,950","10,070","9,910","155,66K","1,61%"
"15.12.2017","9,910","9,910","10,130","9,910","1,70M","-0,40%"
"14.12.2017","9,950","10,640","10,640","9,950","1,21M","-6,48%"
"13.12.2017","10,640","10,550","10,640","10,500","881,50K","0,85%"
"12.12.2017","10,550","10,500","10,550","10,450","1,03M","1,25%"
"11.12.2017","10,420","10,300","10,420","10,300","101,86K","1,96%"
"07.12.2017","10,220","10,210","10,220","10,210","346,24K","0,10%"
"06.12.2017","10,210","10,180","10,210","10,180","445,37K","0,29%"
"05.12.2017","10,180","10,280","10,280","10,150","429,26K","-0,68%"
"04.12.2017","10,250","10,260","10,260","10,250","284,06K","-0,10%"
"01.12.2017","10,260","10,250","10,260","10,250","63,18K","0,10%"
"30.11.2017","10,250","10,250","10,250","10,250","311,85K","-0,49%"
"29.11.2017","10,300","10,250","10,300","10,250","97,52K","1,18%"
"28.11.2017","10,180","10,180","10,180","10,180","622,93K","-0,39%"
"27.11.2017","10,220","10,250","10,250","10,220","93,70K","-1,26%"
"24.11.2017","10,350","10,340","10,350","10,340","21,18K","0,49%"
"23.11.2017","10,300","10,300","10,300","10,300","2,43K","0,00%"
"22.11.2017","10,300","10,300","10,300","10,290","43,40K","0,29%"
"21.11.2017","10,270","10,250","10,300","10,200","483,58K","0,59%"
"20.11.2017","10,210","10,000","10,210","10,000","136,80K","2,61%"
"17.11.2017","9,950","9,800","9,950","9,800","269,60K","1,53%"
"16.11.2017","9,800","9,850","9,850","9,800","201,70K","-0,51%"
"15.11.2017","9,850","10,000","10,000","9,850","670,27K","-1,50%"
"14.11.2017","10,000","10,200","10,200","10,000","3,23M","-1,96%"
"13.11.2017","10,200","10,150","10,200","10,150","320,88K","0,00%"
"10.11.2017","10,200","10,300","10,300","10,200","334,86K","-0,97%"
"09.11.2017","10,300","10,400","10,400","10,250","1,09M","-0,96%"
"08.11.2017","10,400","10,400","10,400","10,400","183,53K","0,00%"
"07.11.2017","10,400","10,450","10,600","10,400","473,73K","-0,95%"
"06.11.2017","10,500","10,700","10,700","10,500","353,97K","-2,33%"
"03.11.2017","10,750","10,800","10,800","10,750","71,10K","-0,65%"
"02.11.2017","10,820","10,150","10,820","10,150","215,47K","6,60%"
"31.10.2017","10,150","10,100","10,200","10,100","1,18M","0,50%"
"30.10.2017","10,100","10,280","10,280","10,050","334,16K","-1,94%"
"27.10.2017","10,300","10,370","10,370","10,300","173,93K","-0,58%"
"26.10.2017","10,360","10,200","10,400","10,200","255,07K","1,97%"
"25.10.2017","10,160","10,000","10,160","10,000","634,66K","1,70%"
"24.10.2017","9,990","9,990","9,990","9,990","131,80K","0,10%"
"23.10.2017","9,980","9,950","9,980","9,950","8,00K","0,30%"
"20.10.2017","9,950","9,900","10,000","9,900","229,84K","0,00%"
"19.10.2017","9,950","9,900","9,950","9,900","143,61K","0,51%"
"18.10.2017","9,900","9,990","9,990","9,900","1,05M","-0,90%"
"17.10.2017","9,990","10,060","10,060","9,990","1,02M","-0,70%"
"16.10.2017","10,060","10,050","10,060","10,050","80,39K","0,60%"
"13.10.2017","10,000","10,030","10,150","9,900","596,02K","-0,30%"
"12.10.2017","10,030","9,910","10,030","9,910","272,47K","1,31%"
"11.10.2017","9,900","9,800","9,900","9,800","128,44K","1,02%"
"10.10.2017","9,800","9,780","9,800","9,750","1,34M","0,41%"
"09.10.2017","9,760","9,650","9,800","9,650","36,83K","1,67%"
"06.10.2017","9,600","9,580","9,600","9,540","314,50K","0,00%"
"05.10.2017","9,600","9,500","9,630","9,500","890,29K","1,05%"
"04.10.2017","9,500","9,350","9,630","9,350","545,93K","1,28%"
"03.10.2017","9,380","9,340","9,380","9,340","46,52K","0,86%"
"02.10.2017","9,300","9,250","9,300","9,250","326,76K","0,32%"
"29.09.2017","9,270","9,300","9,300","9,270","145,28K","-0,32%"
"28.09.2017","9,300","9,350","9,350","9,300","196,03K","-0,11%"
"27.09.2017","9,310","9,350","9,400","9,310","235,77K","-0,96%"
"26.09.2017","9,400","9,450","9,450","9,400","85,06K","-0,63%"
"25.09.2017","9,460","9,500","9,500","9,460","3,42K","-0,63%"
"22.09.2017","9,520","9,530","9,530","9,500","143,69K","-0,10%"
"21.09.2017","9,530","9,480","9,540","9,480","572,91K","0,53%"
"20.09.2017","9,480","9,350","9,480","9,350","510,45K","1,39%"
"19.09.2017","9,350","9,300","9,400","9,300","1,07M","1,08%"
"18.09.2017","9,250","9,200","9,250","9,200","101,87K","1,09%"
"15.09.2017","9,150","9,130","9,250","9,120","981,81K","0,33%"
"14.09.2017","9,120","9,110","9,120","9,100","73,40K","0,22%"
"13.09.2017","9,100","9,100","9,100","9,100","616,51K","0,00%"
"12.09.2017","9,100","9,030","9,100","9,030","1,38M","1,00%"
"11.09.2017","9,010","9,000","9,020","9,000","848,64K","0,11%"
"08.09.2017","9,000","8,880","9,000","8,880","2,08M","1,58%"
"07.09.2017","8,860","8,880","8,900","8,860","211,09K","-0,23%"
"06.09.2017","8,880","8,850","8,880","8,850","282,74K","0,34%"
"05.09.2017","8,850","8,800","8,850","8,800","170,40K","0,57%"
"04.09.2017","8,800","8,750","8,800","8,750","522,33K","0,57%"
"01.09.2017","8,750","8,750","8,750","8,750","60,00K","0,00%"
"31.08.2017","8,750","8,750","8,760","8,750","911,13K","0,00%"
"29.08.2017","8,750","8,750","8,760","8,750","186,72K","0,00%"
"28.08.2017","8,750","8,710","8,750","8,710","84,49K","0,57%"
"25.08.2017","8,700","8,700","8,700","8,660","94,91K","0,00%"
"24.08.2017","8,700","8,520","8,700","8,520","349,59K","2,35%"
"23.08.2017","8,500","8,600","8,650","8,500","604,16K","-1,16%"
"22.08.2017","8,600","8,600","8,600","8,600","340,87K","-0,46%"
"21.08.2017","8,640","8,640","8,640","8,640","50,18K","0,23%"
"18.08.2017","8,620","8,600","8,640","8,550","304,68K","0,82%"
"17.08.2017","8,550","8,630","8,630","8,550","439,93K","-1,04%"
"16.08.2017","8,640","8,700","8,700","8,630","564,99K","-0,69%"
"15.08.2017","8,700","8,750","8,750","8,700","54,54K","-0,23%"
"14.08.2017","8,720","8,700","8,750","8,700","464,24K","0,23%"
"11.08.2017","8,700","8,600","8,700","8,600","306,28K","1,16%"
"10.08.2017","8,600","8,700","8,700","8,600","199,48K","-1,60%"
"09.08.2017","8,740","8,740","8,740","8,730","138,97K","-0,11%"
"08.08.2017","8,750","8,760","8,760","8,740","746,11K","0,11%"
"07.08.2017","8,740","8,710","8,740","8,710","32,71K","0,34%"
"04.08.2017","8,710","8,700","8,750","8,700","571,11K","0,69%"
"03.08.2017","8,650","8,500","8,650","8,500","405,42K","1,76%"
"02.08.2017","8,500","8,450","8,520","8,450","1,10M","1,07%"
"01.08.2017","8,410","8,410","8,410","8,410","13,32K","1,20%"
"31.07.2017","8,310","8,300","8,310","8,300","432,02K","0,12%"
"27.07.2017","8,300","8,150","8,300","8,150","217,42K","3,49%"
"26.07.2017","8,020","8,100","8,100","8,020","40,11K","-0,99%"
"25.07.2017","8,100","8,190","8,190","8,090","135,34K","-1,10%"
"24.07.2017","8,190","8,150","8,190","8,150","19,59K","0,00%"
"21.07.2017","8,190","8,200","8,200","8,190","55,19K","-0,12%"
"20.07.2017","8,200","8,220","8,220","8,200","75,52K","-0,73%"
"19.07.2017","8,260","8,300","8,300","8,260","189,87K","-0,48%"
"18.07.2017","8,300","8,350","8,350","8,300","37,18K","-1,07%"
"17.07.2017","8,390","8,390","8,390","8,390","4,70K","-0,12%"
"14.07.2017","8,400","8,300","8,400","8,300","5,89M","1,08%"
"13.07.2017","8,310","8,300","8,350","8,300","1,16M","1,34%"
"12.07.2017","8,200","8,140","8,200","8,140","281,11K","0,74%"
"11.07.2017","8,140","8,140","8,140","8,140","223,39K","0,00%"
"10.07.2017","8,140","8,150","8,150","8,140","221,71K","0,00%"
"07.07.2017","8,140","8,140","8,140","8,140","9,08K","0,12%"
"06.07.2017","8,130","8,140","8,140","8,130","382,74K","-0,25%"
"05.07.2017","8,150","8,150","8,150","8,140","32,40K","0,00%"
"04.07.2017","8,150","8,150","8,150","8,150","27,21K","-0,12%"
"03.07.2017","8,160","8,140","8,170","8,140","382,50K","0,25%"
"30.06.2017","8,140","8,200","8,200","7,980","94,62K","-0,73%"
"28.06.2017","8,200","8,200","8,200","8,200","344,32K","-0,61%"
"27.06.2017","8,250","8,290","8,290","8,250","140,91K","0,00%"
"26.06.2017","8,250","8,120","8,250","8,120","1,00M","1,60%"
"23.06.2017","8,120","8,000","8,120","8,000","104,02K","1,50%"
"22.06.2017","8,000","7,900","8,000","7,900","392,42K","1,91%"
"21.06.2017","7,850","7,700","7,850","7,700","1,13M","1,95%"
"20.06.2017","7,700","7,700","7,700","7,670","172,65K","0,00%"
"19.06.2017","7,700","7,700","7,700","7,700","10,00K","0,39%"
"16.06.2017","7,670","7,670","7,670","7,670","348,43K","-1,03%"
"15.06.2017","7,750","7,750","7,750","7,750","1,98M","0,00%"
"14.06.2017","7,750","7,800","7,800","7,750","550,60K","-0,26%"
"13.06.2017","7,770","7,860","7,860","7,750","93,33K","-1,27%"
"12.06.2017","7,870","7,850","7,870","7,850","1,24M","0,25%"
"09.06.2017","7,850","7,850","7,850","7,850","225,84K","0,00%"
"08.06.2017","7,850","7,850","7,850","7,850","164,75K","-0,38%"
"07.06.2017","7,880","7,880","7,880","7,880","3,47M","0,25%"
"06.06.2017","7,860","7,870","7,870","7,860","59,20K","-0,25%"
"05.06.2017","7,880","7,880","7,880","7,880","33,04K","-0,13%"
"02.06.2017","7,890","7,900","7,900","7,890","159,83K","-0,13%"
"01.06.2017","7,900","7,930","7,930","7,900","280,18K","-0,25%"
"31.05.2017","7,920","7,920","7,920","7,920","606,31K","0,00%"
"30.05.2017","7,920","7,830","7,920","7,830","427,29K","1,15%"
"29.05.2017","7,830","7,830","7,830","7,830","25,48K","-0,13%"
"26.05.2017","7,840","7,770","7,840","7,770","117,07K","0,90%"
"25.05.2017","7,770","7,770","7,780","7,750","471,80K","0,00%"
"24.05.2017","7,770","7,750","7,770","7,750","145,60K","0,26%"
"23.05.2017","7,750","7,750","7,750","7,700","1,33M","-0,64%"
"22.05.2017","7,800","7,760","7,800","7,760","57,64K","0,00%"
"19.05.2017","7,800","7,700","7,800","7,600","55,01K","1,30%"
"18.05.2017","7,700","7,830","7,830","7,700","251,62K","-1,66%"
"17.05.2017","7,830","7,830","7,830","7,830","39,03K","0,38%"
"16.05.2017","7,800","7,890","7,890","7,710","244,87K","-1,39%"
"15.05.2017","7,910","7,910","7,910","7,910","187,22K","0,00%"
"12.05.2017","7,910","7,910","7,910","7,910","32,57K","0,13%"
"11.05.2017","7,900","7,920","7,920","7,900","380,08K","-0,13%"
"10.05.2017","7,910","7,900","7,910","7,900","116,84K","0,13%"
"09.05.2017","7,900","7,850","7,900","7,850","332,27K","1,02%"
"08.05.2017","7,820","7,820","7,820","7,820","0,90K","0,00%"
"05.05.2017","7,820","7,850","7,850","7,820","161,88K","-0,38%"
"04.05.2017","7,850","7,850","7,850","7,700","240,42K","0,00%"
"03.05.2017","7,850","7,890","7,920","7,850","743,75K","-0,51%"
"02.05.2017","7,890","7,750","8,000","7,750","3,37M","2,47%"
"28.04.2017","7,700","7,750","7,750","7,590","414,72K","-0,65%"
"27.04.2017","7,750","7,870","7,890","7,750","766,03K","-1,52%"
"26.04.2017","7,870","7,850","7,870","7,850","289,22K","0,25%"
"25.04.2017","7,850","7,720","7,850","7,720","532,91K","1,55%"
"24.04.2017","7,730","7,730","7,730","7,730","32,42K","0,00%"
"21.04.2017","7,730","7,690","7,730","7,690","10,85K","-1,28%"
"20.04.2017","7,830","7,700","7,830","7,700","29,25K","1,69%"
"19.04.2017","7,700","7,730","7,750","7,700","235,99K","0,00%"
"18.04.2017","7,700","7,600","7,700","7,600","115,54K","0,65%"
"17.04.2017","7,650","7,600","7,650","7,600","58,31K","0,66%"
"12.04.2017","7,600","7,590","7,600","7,590","174,32K","0,00%"
"11.04.2017","7,600","7,600","7,600","7,590","32,86K","0,00%"
"10.04.2017","7,600","7,600","7,600","7,600","26,00K","-0,65%"
"07.04.2017","7,650","7,650","7,650","7,630","85,62K","0,00%"
"06.04.2017","7,650","7,650","7,700","7,650","178,40K","0,00%"
"05.04.2017","7,650","7,650","7,650","7,650","81,48K","0,00%"
"04.04.2017","7,650","7,620","7,650","7,620","137,46K","-0,65%"
"03.04.2017","7,700","7,650","7,700","7,650","124,51K","0,00%"
"31.03.2017","7,700","7,550","7,700","7,550","116,86K","1,99%"
"30.03.2017","7,550","7,500","7,550","7,500","163,60K","0,67%"
"29.03.2017","7,500","7,500","7,500","7,500","383,61K","0,00%"
"28.03.2017","7,500","7,650","7,650","7,500","453,17K","-1,96%"
"27.03.2017","7,650","7,650","7,650","7,620","54,77K","-0,13%"
"24.03.2017","7,660","7,500","7,660","7,500","257,06K","2,13%"
"23.03.2017","7,500","7,400","7,500","7,400","25,43K","1,35%"
"22.03.2017","7,400","7,400","7,400","7,400","5,87K","0,00%"
"21.03.2017","7,400","7,450","7,450","7,400","597,99K","-1,99%"
"20.03.2017","7,550","7,500","7,550","7,450","34,01K","1,34%"
"17.03.2017","7,450","7,200","7,450","7,200","66,69K","3,47%"
"16.03.2017","7,200","7,150","7,220","7,150","201,18K","1,69%"
"15.03.2017","7,080","7,050","7,080","7,050","35,08K","0,43%"
"14.03.2017","7,050","7,200","7,200","7,050","121,65K","-1,95%"
"13.03.2017","7,190","7,180","7,190","7,170","1,01M","0,14%"
"10.03.2017","7,180","7,360","7,360","7,180","356,04K","-2,84%"
"09.03.2017","7,390","7,350","7,400","7,330","21,34K","-0,14%"
"08.03.2017","7,400","7,450","7,450","7,400","14,19K","-1,07%"
"07.03.2017","7,480","7,520","7,520","7,480","54,65K","-0,53%"
"06.03.2017","7,520","7,680","7,680","7,520","45,15K","-2,72%"
"03.03.2017","7,730","7,730","7,730","7,730","20,20K","0,00%"
"02.03.2017","7,730","7,780","7,800","7,730","145,90K","-0,26%"
"01.03.2017","7,750","7,710","7,750","7,700","9,31K","0,78%"
"28.02.2017","7,690","7,860","7,860","7,690","152,38K","-2,04%"
"27.02.2017","7,850","7,850","7,850","7,700","41,62K","-0,63%"
"24.02.2017","7,900","7,930","7,950","7,900","60,16K","-0,63%"
"23.02.2017","7,950","7,900","7,950","7,900","1,68M","0,63%"
"22.02.2017","7,900","7,900","7,900","7,850","70,39K","0,64%"
"21.02.2017","7,850","7,730","7,850","7,730","203,00K","1,82%"
"20.02.2017","7,710","7,810","7,810","7,710","198,08K","-1,78%"
"17.02.2017","7,850","7,960","7,960","7,850","42,17K","-1,26%"
"16.02.2017","7,950","7,900","7,980","7,900","84,99K","0,63%"
"15.02.2017","7,900","7,850","7,900","7,850","1,08M","1,28%"
"14.02.2017","7,800","7,670","7,800","7,670","736,68K","1,69%"
"13.02.2017","7,670","7,600","7,670","7,600","823,36K","0,92%"
"10.02.2017","7,600","7,600","7,600","7,600","807,14K","0,66%"
"09.02.2017","7,550","7,510","7,550","7,510","78,02K","0,67%"
"08.02.2017","7,500","7,540","7,540","7,500","208,01K","0,00%"
"07.02.2017","7,500","7,500","7,500","7,500","1,20M","-0,13%"
"06.02.2017","7,510","7,510","7,510","7,510","28,50K","-0,53%"
"03.02.2017","7,550","7,560","7,560","7,550","140,36K","-0,13%"
"02.02.2017","7,560","7,580","7,600","7,560","285,73K","-0,13%"
"01.02.2017","7,570","7,540","7,570","7,540","461,27K","0,80%"
"31.01.2017","7,510","7,370","7,510","7,370","197,67K","2,18%"
"30.01.2017","7,350","7,280","7,350","7,280","16,15K","0,96%"
"27.01.2017","7,280","7,370","7,370","7,280","321,15K","-0,95%"
"26.01.2017","7,350","7,450","7,450","7,350","47,37K","-1,34%"
"25.01.2017","7,450","7,400","7,470","7,400","52,61K","0,54%"
"24.01.2017","7,410","7,350","7,410","7,350","728,81K","0,82%"
"23.01.2017","7,350","7,270","7,350","7,260","234,47K","1,10%"
"20.01.2017","7,270","7,230","7,270","7,230","364,31K","0,69%"
"19.01.2017","7,220","7,220","7,220","7,220","1,40K","0,00%"
"18.01.2017","7,220","7,280","7,280","7,200","320,95K","0,28%"
"17.01.2017","7,200","7,300","7,300","7,180","160,84K","-1,77%"
"16.01.2017","7,330","7,320","7,330","7,310","17,71K","-0,54%"
"13.01.2017","7,370","7,390","7,400","7,370","71,55K","-0,41%"
"12.01.2017","7,400","7,530","7,530","7,400","28,90K","-1,73%"
"11.01.2017","7,530","7,530","7,530","7,530","266,87K","0,13%"
"10.01.2017","7,520","7,580","7,580","7,520","279,03K","0,27%"
"09.01.2017","7,500","7,460","7,500","7,460","50,72K","0,67%"
"06.01.2017","7,450","7,450","7,450","7,450","693,75K","0,68%"
"05.01.2017","7,400","7,310","7,400","7,310","116,02K","1,37%"
"04.01.2017","7,300","7,290","7,300","7,290","193,64K","0,14%"
"03.01.2017","7,290","7,290","7,290","7,290","326,41K","0,00%"
"02.01.2017","7,290","7,290","7,290","7,290","5,00K","-0,14%"
"30.12.2016","7,300","7,300","7,300","7,300","5,00K","0,00%"
"29.12.2016","7,300","7,350","7,350","7,300","28,03K","-0,68%"
"28.12.2016","7,350","7,310","7,350","7,300","56,74K","0,68%"
"27.12.2016","7,300","7,300","7,300","7,300","64,04K","0,00%"
"26.12.2016","7,300","7,300","7,300","7,300","157,95K","0,00%"
"23.12.2016","7,300","7,300","7,300","7,300","5,00K","0,00%"
"22.12.2016","7,300","7,300","7,300","7,300","270,40K","0,00%"
"21.12.2016","7,300","7,200","7,300","7,200","691,49K","1,67%"
"20.12.2016","7,180","7,080","7,180","7,080","500,15K","1,41%"
"19.12.2016","7,080","7,080","7,080","7,080","60,34K","0,00%"
"16.12.2016","7,080","7,050","7,080","7,050","43,00K","1,14%"
"15.12.2016","7,000","7,000","7,070","7,000","211,99K","-0,43%"
"14.12.2016","7,030","7,050","7,050","7,030","81,60K","-0,14%"
"13.12.2016","7,040","7,100","7,100","7,000","12,40K","-0,85%"
"12.12.2016","7,100","7,200","7,200","7,100","32,56K","-1,39%"
"09.12.2016","7,200","7,200","7,200","7,200","658,41K","-0,83%"
"07.12.2016","7,260","7,260","7,260","7,260","24,37K","0,00%"
"06.12.2016","7,260","7,260","7,260","7,250","1,15M","0,00%"
"05.12.2016","7,260","7,260","7,260","7,260","17,13K","-0,55%"
"02.12.2016","7,300","7,340","7,340","7,290","223,94K","-0,54%"
"01.12.2016","7,340","7,340","7,340","7,330","336,03K","0,00%"
"30.11.2016","7,340","7,370","7,370","7,340","244,02K","-0,41%"
"29.11.2016","7,370","7,390","7,390","7,370","45,31K","-0,27%"
"28.11.2016","7,390","7,340","7,390","7,340","14,51K","1,23%"
"25.11.2016","7,300","7,300","7,300","7,290","18,01K","0,00%"
"24.11.2016","7,300","7,350","7,350","7,300","43,06K","0,00%"
"23.11.2016","7,300","7,200","7,300","7,200","62,00K","1,96%"
"22.11.2016","7,160","7,180","7,180","7,100","254,54K","-0,83%"
"21.11.2016","7,220","7,230","7,230","7,200","48,17K","-0,96%"
"16.11.2016","7,290","7,330","7,330","7,290","108,24K","-0,55%"
"15.11.2016","7,330","7,340","7,350","7,300","220,68K","-0,14%"
"14.11.2016","7,340","7,340","7,340","7,340","59,15K","0,00%"
"11.11.2016","7,340","7,360","7,360","7,340","247,02K","-0,54%"
"10.11.2016","7,380","7,450","7,450","7,370","201,25K","-1,47%"
"09.11.2016","7,490","7,630","7,640","7,490","122,69K","-2,09%"
"08.11.2016","7,650","7,740","7,750","7,650","48,64K","-1,29%"
"07.11.2016","7,750","7,860","7,860","7,750","23,60K","-1,40%"
"04.11.2016","7,860","7,900","7,900","7,860","20,41K","-0,51%"
"03.11.2016","7,900","7,890","7,900","7,860","324,76K","0,64%"
"02.11.2016","7,850","7,850","7,960","7,850","55,20K","0,64%"
"31.10.2016","7,800","7,800","7,800","7,800","6,65K","0,00%"
"28.10.2016","7,800","7,760","7,800","7,760","344,48K","1,17%"
"27.10.2016","7,710","7,710","7,710","7,710","49,13K","0,00%"
"26.10.2016","7,710","7,720","7,720","7,710","321,34K","-0,52%"
"25.10.2016","7,750","7,670","7,750","7,670","403,90K","1,04%"
"24.10.2016","7,670","7,720","7,720","7,670","511,24K","-0,65%"
"21.10.2016","7,720","7,720","7,720","7,720","89,77K","0,26%"
"20.10.2016","7,700","7,700","7,700","7,700","11,00K","0,00%"
"19.10.2016","7,700","7,720","7,720","7,700","108,68K","-0,26%"
"18.10.2016","7,720","7,650","7,720","7,650","930,70K","0,92%"
"17.10.2016","7,650","7,650","7,650","7,650","1,06M","0,00%"
"14.10.2016","7,650","7,650","7,650","7,650","30,50K","0,66%"
"13.10.2016","7,600","7,600","7,600","7,550","90,25K","0,00%"
"12.10.2016","7,600","7,600","7,600","7,600","699,60K","0,00%"
"11.10.2016","7,600","7,600","7,600","7,600","58,02K","0,00%"
"10.10.2016","7,600","7,630","7,630","7,600","389,70K","-0,39%"
"07.10.2016","7,630","7,500","7,630","7,460","466,63K","2,42%"
"06.10.2016","7,450","7,400","7,450","7,400","23,00K","1,22%"
"05.10.2016","7,360","7,360","7,360","7,360","0,75K","0,14%"
"04.10.2016","7,350","7,350","7,350","7,350","8,00K","0,00%"
"03.10.2016","7,350","7,320","7,350","7,320","1,19M","0,27%"
"30.09.2016","7,330","7,350","7,350","7,330","342,39K","-0,27%"
"29.09.2016","7,350","7,350","7,350","7,350","54,54K","-1,08%"
"28.09.2016","7,430","7,500","7,500","7,430","131,71K","-0,67%"
"27.09.2016","7,480","7,500","7,500","7,480","14,20K","-0,53%"
"26.09.2016","7,520","7,520","7,520","7,500","539,51K","-0,79%"
"23.09.2016","7,580","7,600","7,600","7,580","36,30K","-0,26%"
"22.09.2016","7,600","7,550","7,600","7,550","1,12M","1,33%"
"21.09.2016","7,500","7,650","7,650","7,500","709,41K","-1,96%"
"20.09.2016","7,650","7,700","7,700","7,550","743,41K","-1,29%"
"19.09.2016","7,750","7,750","7,750","7,750","2,63K","0,65%"
"16.09.2016","7,700","7,800","7,800","7,700","302,92K","-1,79%"
"15.09.2016","7,840","7,850","7,850","7,840","39,50K","-0,76%"
"14.09.2016","7,900","7,900","7,900","7,900","94,42K","0,00%"
"13.09.2016","7,900","7,940","7,950","7,900","28,38K","-1,25%"
"12.09.2016","8,000","7,900","8,000","7,850","496,53K","1,27%"
"09.09.2016","7,900","7,900","7,900","7,900","8,22K","-1,13%"
"08.09.2016","7,990","8,000","8,000","7,950","480,33K","-0,13%"
"07.09.2016","8,000","7,800","8,000","7,800","590,20K","2,56%"
"06.09.2016","7,800","7,600","7,800","7,600","435,97K","2,63%"
"05.09.2016","7,600","7,600","7,600","7,600","155,90K","0,00%"
"02.09.2016","7,600","7,500","7,600","7,500","1,20M","1,33%"
"01.09.2016","7,500","7,500","7,500","7,400","316,36K","0,00%"
"31.08.2016","7,500","7,700","7,700","7,500","202,79K","-2,60%"
"29.08.2016","7,700","7,700","7,700","7,700","6,30K","-1,28%"
"26.08.2016","7,800","7,800","7,800","7,760","102,53K","0,00%"
"25.08.2016","7,800","7,740","7,800","7,740","848,44K","0,65%"
"24.08.2016","7,750","7,750","7,750","7,750","10,00K","-0,64%"
"23.08.2016","7,800","7,770","7,830","7,770","542,71K","-0,64%"
"22.08.2016","7,850","7,850","7,850","7,850","","0,00%"
"19.08.2016","7,850","7,850","7,850","7,850","8,26K","0,00%"
"18.08.2016","7,850","7,720","7,850","7,720","144,86K","1,68%"
"17.08.2016","7,720","7,610","7,750","7,610","856,97K","1,45%"
"16.08.2016","7,610","7,600","7,610","7,600","45,91K","0,13%"
"15.08.2016","7,600","7,500","7,600","7,500","70,95K","1,33%"
"12.08.2016","7,500","7,500","7,510","7,500","665,98K","0,00%"
"11.08.2016","7,500","7,440","7,500","7,400","330,65K","0,81%"
"10.08.2016","7,440","7,450","7,450","7,440","25,32K","0,00%"
"09.08.2016","7,440","7,540","7,540","7,440","58,80K","-1,59%"
"08.08.2016","7,560","7,670","7,670","7,560","372,02K","-1,82%"
"05.08.2016","7,700","7,560","7,700","7,560","25,00K","1,85%"
"04.08.2016","7,560","7,560","7,560","7,560","42,06K","0,00%"
"03.08.2016","7,560","7,700","7,700","7,560","173,68K","-3,08%"
"02.08.2016","7,800","7,800","7,810","7,800","838,67K","0,00%"
"01.08.2016","7,800","7,530","7,800","7,520","1,14M","4,00%"
"27.07.2016","7,500","7,250","7,500","7,250","550,11K","4,90%"
"26.07.2016","7,150","7,150","7,150","7,150","3,81K","-0,14%"
"25.07.2016","7,160","7,160","7,170","7,160","16,23K","0,14%"
"22.07.2016","7,150","7,150","7,150","7,100","296,28K","-0,14%"
"21.07.2016","7,160","7,000","7,200","7,000","255,35K","2,29%"
"20.07.2016","7,000","6,820","7,000","6,820","2,01M","3,55%"
"19.07.2016","6,760","6,700","6,800","6,700","278,36K","0,90%"
"18.07.2016","6,700","6,520","6,700","6,520","136,57K","3,08%"
"15.07.2016","6,500","6,500","6,500","6,500","12,98K","0,31%"
"14.07.2016","6,480","6,450","6,480","6,400","586,13K","0,31%"
"13.07.2016","6,460","6,460","6,470","6,460","648,58K","0,00%"
"12.07.2016","6,460","6,450","6,460","6,450","1,04M","0,16%"
"11.07.2016","6,450","6,420","6,450","6,420","215,31K","0,47%"
"08.07.2016","6,420","6,390","6,420","6,390","35,28K","1,10%"
"07.07.2016","6,350","6,350","6,350","6,350","","0,00%"
"06.07.2016","6,350","6,410","6,410","6,350","43,21K","-1,24%"
"05.07.2016","6,430","6,430","6,430","6,430","25,50K","-0,31%"
"04.07.2016","6,450","6,450","6,450","6,450","43,63K","0,00%"
"01.07.2016","6,450","6,450","6,450","6,430","701,61K","0,00%"
"30.06.2016","6,450","6,270","6,450","6,270","347,20K","2,87%"
"28.06.2016","6,270","6,270","6,270","6,270","71,19K","0,32%"
"27.06.2016","6,250","6,250","6,250","6,250","453,98K","0,00%"
"24.06.2016","6,250","6,250","6,250","6,200","56,37K","-1,57%"
"23.06.2016","6,350","6,310","6,400","6,310","177,01K","0,79%"
"22.06.2016","6,300","6,150","6,300","6,150","107,05K","2,44%"
"21.06.2016","6,150","6,150","6,150","6,150","14,99K","0,16%"
"20.06.2016","6,140","6,130","6,140","6,130","82,12K","-0,16%"
"17.06.2016","6,150","6,120","6,150","6,120","67,81K","0,82%"
"16.06.2016","6,100","6,190","6,190","6,100","138,06K","-1,61%"
"15.06.2016","6,200","6,220","6,220","6,200","4,55M","0,00%"
"14.06.2016","6,200","6,250","6,250","6,200","117,14K","-0,96%"
"13.06.2016","6,260","6,320","6,320","6,260","372,67K","-0,95%"
"10.06.2016","6,320","6,350","6,350","6,320","763,91K","-1,25%"
"09.06.2016","6,400","6,400","6,450","6,400","323,16K","-0,78%"
"08.06.2016","6,450","6,450","6,450","6,400","836,34K","0,00%"
"07.06.2016","6,450","6,450","6,450","6,450","","0,00%"
"06.06.2016","6,450","6,450","6,450","6,450","359,11K","0,00%"
"03.06.2016","6,450","6,450","6,450","6,450","1,03M","-0,77%"
"02.06.2016","6,500","6,500","6,500","6,430","1,08M","0,00%"
"01.06.2016","6,500","6,500","6,500","6,460","1,06M","0,00%"
"31.05.2016","6,500","6,470","6,500","6,440","951,95K","0,00%"
"30.05.2016","6,500","6,520","6,520","6,500","2,76K","0,15%"
"27.05.2016","6,490","6,490","6,490","6,490","3,49K","0,78%"
"26.05.2016","6,440","6,440","6,440","6,440","1,24M","0,00%"
"25.05.2016","6,440","6,440","6,440","6,440","133,15K","0,00%"
"24.05.2016","6,440","6,450","6,500","6,440","226,10K","-0,16%"
"23.05.2016","6,450","6,400","6,450","6,400","544,05K","0,78%"
"20.05.2016","6,400","6,300","6,400","6,300","31,16K","1,59%"
"19.05.2016","6,300","6,400","6,400","6,290","273,04K","-1,56%"
"18.05.2016","6,400","6,400","6,400","6,400","29,00K","-0,31%"
"17.05.2016","6,420","6,460","6,460","6,420","50,49K","-0,77%"
"16.05.2016","6,470","6,450","6,470","6,420","130,98K","0,31%"
"13.05.2016","6,450","6,520","6,580","6,450","113,13K","-0,77%"
"12.05.2016","6,500","6,450","6,500","6,420","45,52K","0,00%"
"11.05.2016","6,500","6,600","6,600","6,500","192,30K","0,00%"
"10.05.2016","6,500","6,550","6,550","6,500","289,73K","0,00%"
"09.05.2016","6,500","6,440","6,500","6,440","2,01M","0,00%"
"06.05.2016","6,500","6,500","6,500","6,500","585,76K","0,00%"
"05.05.2016","6,500","6,500","6,550","6,450","1,92M","0,00%"
"04.05.2016","6,500","6,450","6,500","6,390","1,13M","1,56%"
"03.05.2016","6,400","6,350","6,400","6,330","150,40K","0,00%"
"02.05.2016","6,400","6,230","6,400","6,230","1,97M","2,73%"
"29.04.2016","6,230","6,250","6,250","6,200","1,16M","-0,32%"
"28.04.2016","6,250","6,300","6,300","6,220","588,83K","-0,79%"
"27.04.2016","6,300","6,230","6,300","6,230","307,30K","0,64%"
"26.04.2016","6,260","6,280","6,280","6,250","124,85K","-0,32%"
"25.04.2016","6,280","6,350","6,350","6,270","138,88K","-0,79%"
"22.04.2016","6,330","6,390","6,390","6,330","19,40K","-1,40%"
"21.04.2016","6,420","6,560","6,560","6,420","75,00K","-3,46%"
"20.04.2016","6,650","6,800","6,800","6,650","117,26K","-2,21%"
"19.04.2016","6,800","6,800","6,850","6,800","1,59M","0,00%"
"18.04.2016","6,800","6,650","6,800","6,650","1,15M","2,26%"
"15.04.2016","6,650","6,650","6,650","6,650","486,67K","0,00%"
"14.04.2016","6,650","6,650","6,670","6,600","124,41K","-1,48%"
"13.04.2016","6,750","6,700","6,750","6,700","178,18K","2,27%"
"12.04.2016","6,600","6,600","6,600","6,500","617,97K","1,54%"
"11.04.2016","6,500","6,200","6,500","6,200","361,74K","12,07%"
"08.04.2016","5,800","5,850","5,850","5,770","50,19K","-0,85%"
"07.04.2016","5,850","5,900","5,900","5,800","557,41K","-1,68%"
"06.04.2016","5,950","6,000","6,000","5,950","15,60K","-0,83%"
"05.04.2016","6,000","5,930","6,000","5,920","175,70K","0,33%"
"04.04.2016","5,980","6,000","6,000","5,980","2,07M","-0,33%"
"01.04.2016","6,000","6,030","6,060","5,950","949,01K","0,00%"
"31.03.2016","6,000","6,050","6,050","6,000","288,40K","0,00%"
"30.03.2016","6,000","5,950","6,000","5,950","55,45K","1,69%"
"29.03.2016","5,900","6,000","6,000","5,900","23,65K","-1,67%"
"28.03.2016","6,000","6,000","6,000","6,000","169,04K","0,00%"
"23.03.2016","6,000","6,000","6,000","6,000","","0,00%"
"22.03.2016","6,000","5,950","6,000","5,880","423,09K","0,50%"
"21.03.2016","5,970","5,950","6,000","5,950","161,54K","0,34%"
"18.03.2016","5,950","5,800","5,950","5,790","311,97K","2,76%"
"17.03.2016","5,790","5,750","5,790","5,720","3,57M","0,70%"
"16.03.2016","5,750","5,720","5,750","5,720","118,51K","0,52%"
"15.03.2016","5,720","5,720","5,720","5,720","205,46K","0,00%"
"14.03.2016","5,720","5,680","5,750","5,680","657,12K","1,24%"
"11.03.2016","5,650","5,680","5,680","5,640","42,12K","-0,88%"
"10.03.2016","5,700","5,730","5,730","5,690","315,05K","-0,52%"
"09.03.2016","5,730","5,730","5,730","5,730","417,64K","0,17%"
"08.03.2016","5,720","5,720","5,720","5,720","15,96K","0,18%"
"07.03.2016","5,710","5,720","5,730","5,710","553,13K","-0,17%"
"04.03.2016","5,720","5,700","5,720","5,700","515,93K","1,78%"
"03.03.2016","5,620","5,440","5,620","5,440","1,26M","3,12%"
"02.03.2016","5,450","5,430","5,480","5,430","351,43K","0,00%"
"01.03.2016","5,450","5,470","5,500","5,450","43,77K","-0,37%"
"29.02.2016","5,470","5,450","5,470","5,450","93,80K","-0,36%"
"26.02.2016","5,490","5,450","5,500","5,450","32,78K","-0,18%"
"25.02.2016","5,500","5,500","5,500","5,490","98,60K","0,18%"
"24.02.2016","5,490","5,500","5,500","5,490","32,43K","-1,08%"
"23.02.2016","5,550","5,550","5,550","5,500","265,29K","0,00%"
"22.02.2016","5,550","5,400","5,550","5,400","126,40K","3,74%"
"19.02.2016","5,350","5,300","5,350","5,300","18,38K","2,88%"
"18.02.2016","5,200","5,240","5,240","5,200","1,27M","0,00%"
"17.02.2016","5,200","5,100","5,200","5,100","179,64K","1,96%"
"16.02.2016","5,100","5,080","5,100","5,080","931,57K","0,59%"
"15.02.2016","5,070","5,010","5,070","5,010","85,54K","1,40%"
"12.02.2016","5,000","5,080","5,080","5,000","2,41M","-1,19%"
"11.02.2016","5,060","5,060","5,060","5,060","121,50K","0,60%"
"10.02.2016","5,030","5,030","5,030","5,030","14,03K","-0,40%"
"09.02.2016","5,050","5,050","5,050","5,000","1,79M","1,00%"
"08.02.2016","5,000","5,200","5,200","5,000","2,03M","-3,85%"
"05.02.2016","5,200","5,200","5,200","5,200","21,83K","0,97%"
"04.02.2016","5,150","5,100","5,150","5,100","41,92K","0,98%"
"03.02.2016","5,100","5,150","5,150","5,100","148,76K","-0,97%"
"02.02.2016","5,150","5,200","5,200","5,150","186,81K","-0,96%"
"01.02.2016","5,200","5,150","5,200","5,150","511,00K","1,96%"
"29.01.2016","5,100","5,100","5,100","5,000","13,42K","0,00%"
"28.01.2016","5,100","5,100","5,100","5,100","42,45K","0,00%"
"27.01.2016","5,100","5,000","5,100","5,000","1,04M","2,00%"
"26.01.2016","5,000","5,000","5,000","5,000","2,30M","-1,96%"
"25.01.2016","5,100","5,180","5,180","5,100","224,80K","-1,54%"
"22.01.2016","5,180","5,180","5,180","5,180","0,10K","0,00%"
"21.01.2016","5,180","5,180","5,180","5,180","5,00K","0,00%"
"20.01.2016","5,180","5,180","5,180","5,180","6,70K","-1,33%"
"19.01.2016","5,250","5,300","5,350","5,250","575,01K","-1,87%"
"18.01.2016","5,350","5,350","5,350","5,350","15,80K","-2,73%"
"15.01.2016","5,500","5,500","5,500","5,500","0,73K","0,00%"
"14.01.2016","5,500","5,500","5,500","5,500","0,73K","0,00%"
"13.01.2016","5,500","5,450","5,500","5,450","76,49K","0,00%"
"12.01.2016","5,500","5,450","5,500","5,450","184,20K","0,92%"
"11.01.2016","5,450","5,450","5,450","5,450","","0,00%"
"08.01.2016","5,450","5,450","5,450","5,450","26,30K","-0,91%"
"07.01.2016","5,500","5,450","5,500","5,450","28,71K","-0,90%"
"06.01.2016","5,550","5,600","5,600","5,550","52,71K","-1,77%"
"05.01.2016","5,650","5,650","5,650","5,650","170,17K","-0,88%"
"04.01.2016","5,700","5,750","5,750","5,700","781,14K","-1,72%"
"31.12.2015","5,800","5,800","5,800","5,800","","0,00%"
"30.12.2015","5,800","5,800","5,800","5,800","","0,00%"
"29.12.2015","5,800","5,800","5,800","5,800","166,48K","0,35%"
"28.12.2015","5,780","5,800","5,850","5,780","344,80K","-0,34%"
"24.12.2015","5,800","5,800","5,800","5,800","100,00K","0,00%"
"23.12.2015","5,800","5,800","5,800","5,800","46,82K","0,00%"
"22.12.2015","5,800","5,820","5,820","5,800","7,81K","-1,36%"
"21.12.2015","5,880","5,880","5,880","5,880","","0,00%"
"18.12.2015","5,880","5,880","5,880","5,880","39,92K","-1,51%"
"17.12.2015","5,970","5,850","5,970","5,840","314,44K","2,05%"
"16.12.2015","5,850","5,850","5,850","5,850","320,35K","-1,68%"
"15.12.2015","5,950","5,950","5,950","5,950","55,00K","0,00%"
"14.12.2015","5,950","5,950","5,950","5,950","","0,00%"
"11.12.2015","5,950","5,950","5,950","5,950","80,89K","0,00%"
"10.12.2015","5,950","5,950","5,980","5,950","560,28K","0,85%"
"09.12.2015","5,900","5,700","5,900","5,700","1,02M","3,51%"
"07.12.2015","5,700","5,700","5,700","5,700","61,80K","0,88%"
"04.12.2015","5,650","5,650","5,650","5,650","62,80K","-0,88%"
"03.12.2015","5,700","5,650","5,700","5,650","54,30K","0,88%"
"02.12.2015","5,650","5,750","5,750","5,650","62,09K","-1,74%"
"01.12.2015","5,750","5,750","5,750","5,750","2,00K","0,70%"
"30.11.2015","5,710","5,700","5,710","5,700","288,04K","1,06%"
"27.11.2015","5,650","5,650","5,650","5,650","1,30K","-0,88%"
"26.11.2015","5,700","5,700","5,700","5,700","","0,00%"
"25.11.2015","5,700","5,700","5,700","5,700","149,11K","-0,87%"
"24.11.2015","5,750","5,750","5,750","5,750","1,77M","-0,86%"
"23.11.2015","5,800","5,800","5,800","5,800","221,94K","1,75%"
"20.11.2015","5,700","5,700","5,700","5,700","","0,00%"
"19.11.2015","5,700","5,700","5,700","5,700","8,77K","0,00%"
"18.11.2015","5,700","5,800","5,800","5,700","19,97K","-1,72%"
"17.11.2015","5,800","5,850","5,850","5,800","671,90K","0,00%"
"16.11.2015","5,800","5,780","5,800","5,780","311,64K","0,00%"
"13.11.2015","5,800","5,800","5,800","5,800","379,58K","0,00%"
"12.11.2015","5,800","5,800","5,800","5,800","","0,00%"
"11.11.2015","5,800","5,850","5,900","5,800","539,78K","0,00%"
"10.11.2015","5,800","5,750","5,800","5,750","206,99K","0,87%"
"09.11.2015","5,750","5,750","5,750","5,750","204,42K","0,88%"
"06.11.2015","5,700","5,650","5,700","5,650","217,45K","3,64%"
"05.11.2015","5,500","5,500","5,500","5,500","0,30K","0,00%"
"04.11.2015","5,500","5,500","5,500","5,500","","0,00%"
"03.11.2015","5,500","5,500","5,500","5,500","36,35K","-1,43%"
"02.11.2015","5,580","5,580","5,580","5,580","0,33K","0,00%"
"30.10.2015","5,580","5,580","5,580","5,580","673,01K","0,00%"
"29.10.2015","5,580","5,650","5,650","5,580","79,85K","-1,24%"
"28.10.2015","5,650","5,520","5,650","5,520","1,34M","2,73%"
"27.10.2015","5,500","5,500","5,500","5,500","130,00K","0,00%"
"26.10.2015","5,500","5,500","5,500","5,500","","0,00%"
"23.10.2015","5,500","5,360","5,500","5,360","230,10K","2,80%"
"22.10.2015","5,350","5,270","5,350","5,270","232,19K","1,52%"
"21.10.2015","5,270","5,270","5,270","5,270","12,06K","0,00%"
"20.10.2015","5,270","5,270","5,270","5,270","3,08K","-0,19%"
"19.10.2015","5,280","5,280","5,280","5,280","","0,00%"
"16.10.2015","5,280","5,350","5,350","5,280","113,39K","-1,31%"
"15.10.2015","5,350","5,350","5,350","5,350","","0,00%"
"14.10.2015","5,350","5,350","5,350","5,350","656,92K","0,00%"
"13.10.2015","5,350","5,350","5,350","5,350","41,03K","-0,93%"
"12.10.2015","5,400","5,400","5,400","5,400","0,50K","0,00%"
"07.10.2015","5,400","5,320","5,400","5,320","379,11K","1,50%"
"06.10.2015","5,320","5,320","5,320","5,320","0,05K","0,00%"
"05.10.2015","5,320","5,200","5,320","5,200","849,33K","3,30%"
"02.10.2015","5,150","5,150","5,160","5,150","35,12K","0,00%"
"01.10.2015","5,150","5,080","5,180","5,080","1,60M","1,38%"
"30.09.2015","5,080","5,080","5,100","5,080","230,62K","0,00%"
"29.09.2015","5,080","5,100","5,100","5,080","9,75K","-0,39%"
"28.09.2015","5,100","5,100","5,100","5,100","318,80K","0,00%"
"25.09.2015","5,100","5,100","5,100","5,100","20,77K","0,00%"
"24.09.2015","5,100","5,100","5,100","5,100","25,11K","0,00%"
"23.09.2015","5,100","5,100","5,100","5,100","715,36K","0,20%"
"22.09.2015","5,090","5,100","5,100","5,090","902,45K","-1,17%"
"21.09.2015","5,150","5,180","5,180","5,150","33,62K","-0,96%"
"18.09.2015","5,200","5,150","5,250","5,150","211,18K","0,97%"
"17.09.2015","5,150","5,060","5,150","5,060","371,65K","1,78%"
"16.09.2015","5,060","5,060","5,060","5,050","708,87K","0,00%"
"15.09.2015","5,060","5,060","5,060","5,050","150,44K","0,20%"
"14.09.2015","5,050","5,050","5,050","5,050","1,00K","0,00%"
"11.09.2015","5,050","5,000","5,050","5,000","1,10M","2,02%"
"10.09.2015","4,950","4,800","4,950","4,800","1,10M","3,99%"
"09.09.2015","4,760","4,750","4,760","4,750","1,54M","4,62%"
"08.09.2015","4,550","4,550","4,550","4,550","5,72K","0,00%"
"07.09.2015","4,550","4,550","4,550","4,550","","0,00%"
"04.09.2015","4,550","4,550","4,550","4,550","11,27K","-1,09%"
"03.09.2015","4,600","4,550","4,600","4,550","28,28K","2,22%"
"02.09.2015","4,500","4,500","4,500","4,500","4,00K","0,00%"
"01.09.2015","4,500","4,500","4,500","4,500","888,83K","-3,23%"
"31.08.2015","4,650","4,480","4,750","4,470","197,13K","2,88%"
"28.08.2015","4,520","4,500","4,520","4,480","58,73K","5,36%"
"27.08.2015","4,290","4,320","4,500","4,270","37,93K","1,66%"
"26.08.2015","4,220","3,950","4,220","3,950","3,73M","6,84%"
"25.08.2015","3,950","3,900","3,950","3,900","1,03M","1,28%"
"24.08.2015","3,900","4,180","4,180","3,900","454,44K","-7,36%"
"21.08.2015","4,210","4,220","4,250","4,200","295,41K","-0,24%"
"20.08.2015","4,220","4,300","4,300","4,200","138,64K","-1,86%"
"19.08.2015","4,300","4,300","4,350","4,300","70,80K","-1,15%"
"18.08.2015","4,350","4,400","4,400","4,350","824,31K","-1,14%"
"17.08.2015","4,400","4,650","4,650","4,400","121,88K","-5,38%"
"14.08.2015","4,650","4,800","4,800","4,650","20,00K","-7,55%"
"13.08.2015","5,030","5,100","5,100","5,030","273,20K","-1,37%"
"12.08.2015","5,100","5,200","5,200","5,100","71,11K","-1,92%"
"11.08.2015","5,200","5,200","5,200","5,200","249,05K","-1,89%"
"10.08.2015","5,300","5,300","5,300","5,290","45,81K","0,00%"
"07.08.2015","5,300","5,300","5,300","5,300","100,00K","1,92%"
"06.08.2015","5,200","5,300","5,300","5,200","154,80K","-1,89%"
"05.08.2015","5,300","5,200","5,300","5,200","67,10K","0,00%"
"04.08.2015","5,300","5,300","5,300","5,300","43,30K","0,00%"
"03.08.2015","5,300","5,300","5,300","5,300","560,60K","0,00%"
"31.07.2015","5,300","5,300","5,300","5,300","201,71K","-0,75%"
"30.07.2015","5,340","5,450","5,450","5,340","72,50K","-2,02%"
"24.07.2015","5,450","5,450","5,450","5,450","31,11K","0,00%"
"23.07.2015","5,450","5,500","5,500","5,450","1,86M","-0,91%"
"22.07.2015","5,500","5,530","5,530","5,500","5,62K","-0,72%"
"21.07.2015","5,540","5,650","5,650","5,540","476,04K","-1,95%"
"20.07.2015","5,650","5,700","5,700","5,650","129,12K","-1,74%"
"17.07.2015","5,750","5,750","5,800","5,750","88,79K","-0,86%"
"16.07.2015","5,800","5,800","5,800","5,800","10,00K","-1,19%"
"15.07.2015","5,870","5,870","5,870","5,850","50,11K","0,00%"
"14.07.2015","5,870","5,900","5,900","5,870","20,43K","-0,51%"
"13.07.2015","5,900","5,900","5,900","5,900","351,94K","0,85%"
"10.07.2015","5,850","5,900","5,900","5,850","116,04K","-2,01%"
"09.07.2015","5,970","5,970","5,970","5,970","0,32K","0,00%"
"08.07.2015","5,970","5,970","5,970","5,970","55,00K","-0,33%"
"07.07.2015","5,990","5,990","5,990","5,990","22,10K","0,00%"
"06.07.2015","5,990","5,990","5,990","5,990","4,27M","0,00%"
"03.07.2015","5,990","5,990","5,990","5,990","319,84K","0,00%"
"02.07.2015","5,990","6,000","6,000","5,990","9,56K","-0,83%"
"01.07.2015","6,040","6,010","6,040","6,010","18,11K","0,67%"
"30.06.2015","6,000","6,060","6,060","6,000","162,96K","-1,64%"
"26.06.2015","6,100","6,100","6,100","6,100","147,91K","-0,49%"
"25.06.2015","6,130","6,130","6,130","6,130","2,68K","0,49%"
"24.06.2015","6,100","6,050","6,100","6,050","59,32K","0,00%"
"23.06.2015","6,100","6,050","6,100","6,050","99,82K","0,83%"
"22.06.2015","6,050","6,050","6,050","6,050","3,14K","1,51%"
"19.06.2015","5,960","5,870","6,000","5,870","505,03K","1,02%"
"18.06.2015","5,900","5,750","5,900","5,750","154,74K","2,61%"
"17.06.2015","5,750","5,650","5,750","5,650","32,62K","1,95%"
"16.06.2015","5,640","5,750","5,750","5,640","45,84K","-3,59%"
"15.06.2015","5,850","5,850","5,860","5,850","100,69K","0,00%"
"12.06.2015","5,850","5,800","5,850","5,800","20,68K","1,92%"
"11.06.2015","5,740","5,740","5,740","5,740","18,11K","0,17%"
"10.06.2015","5,730","5,730","5,730","5,710","23,77K","0,35%"
"09.06.2015","5,710","5,710","5,710","5,710","","0,00%"
"08.06.2015","5,710","5,710","5,710","5,700","655,12K","0,00%"
"05.06.2015","5,710","5,700","5,710","5,700","15,09K","-0,17%"
"04.06.2015","5,720","5,700","5,720","5,700","56,69K","2,14%"
"03.06.2015","5,600","5,600","5,600","5,600","318,35K","0,00%"
"02.06.2015","5,600","5,650","5,650","5,600","92,87K","-1,75%"
"01.06.2015","5,700","5,700","5,700","5,700","328,36K","-0,18%"
"29.05.2015","5,710","5,650","5,710","5,500","1,27M","1,06%"
"28.05.2015","5,650","5,800","5,800","5,650","53,55K","-2,59%"
"27.05.2015","5,800","5,800","5,800","5,800","13,07K","0,00%"
"26.05.2015","5,800","5,800","5,800","5,800","23,16K","-0,85%"
"25.05.2015","5,850","5,850","5,850","5,850","10,52K","2,63%"
"22.05.2015","5,700","5,700","5,700","5,700","0,25K","0,00%"
"21.05.2015","5,700","5,700","5,700","5,700","5,13K","-0,35%"
"20.05.2015","5,720","5,720","5,720","5,720","","0,00%"
"19.05.2015","5,720","5,700","5,720","5,700","6,49K","0,35%"
"18.05.2015","5,700","5,700","5,700","5,700","6,66K","-0,87%"
"15.05.2015","5,750","5,750","5,750","5,750","189,31K","-0,86%"
"14.05.2015","5,800","5,800","5,800","5,800","11,21K","0,00%"
"13.05.2015","5,800","5,800","5,800","5,800","1,20K","0,00%"
"12.05.2015","5,800","5,850","5,850","5,800","249,15K","-0,68%"
"11.05.2015","5,840","5,840","5,840","5,840","0,70K","-0,17%"
"08.05.2015","5,850","5,930","5,930","5,850","672,41K","-1,35%"
"07.05.2015","5,930","5,960","5,960","5,930","15,56K","-0,50%"
"06.05.2015","5,960","5,960","5,960","5,960","133,04K","0,00%"
"05.05.2015","5,960","6,000","6,000","5,950","271,91K","-0,83%"
"04.05.2015","6,010","6,050","6,050","6,010","1,03M","-0,66%"
"30.04.2015","6,050","6,050","6,080","6,050","668,49K","0,00%"
"29.04.2015","6,050","6,050","6,050","6,050","16,28K","-0,49%"
"28.04.2015","6,080","6,050","6,080","6,050","1,02M","0,50%"
"27.04.2015","6,050","6,010","6,050","6,010","18,70K","0,83%"
"24.04.2015","6,000","6,000","6,000","6,000","140,21K","0,84%"
"23.04.2015","5,950","6,000","6,000","5,950","376,49K","-0,83%"
"22.04.2015","6,000","6,000","6,000","6,000","52,45K","0,00%"
"21.04.2015","6,000","6,100","6,100","6,000","14,10K","-1,64%"
"20.04.2015","6,100","6,050","6,100","6,050","76,94K","1,67%"
"17.04.2015","6,000","6,100","6,100","6,000","57,27K","-1,64%"
"16.04.2015","6,100","6,100","6,100","6,100","305,62K","0,00%"
"15.04.2015","6,100","6,050","6,100","6,050","168,28K","0,83%"
"14.04.2015","6,050","6,000","6,100","6,000","12,41K","0,83%"
"13.04.2015","6,000","6,000","6,000","6,000","296,18K","-1,64%"
"10.04.2015","6,100","6,100","6,110","6,100","226,10K","0,00%"
"09.04.2015","6,100","6,100","6,110","6,100","21,43K","0,00%"
"08.04.2015","6,100","6,230","6,230","6,100","159,13K","-2,09%"
"07.04.2015","6,230","6,240","6,240","6,230","102,24K","-0,32%"
"06.04.2015","6,250","6,200","6,300","6,200","184,00K","0,81%"
"01.04.2015","6,200","6,050","6,200","6,050","222,99K","3,33%"
"31.03.2015","6,000","5,810","6,000","5,810","815,35K","3,27%"
"30.03.2015","5,810","5,840","5,850","5,800","420,83K","0,35%"
"27.03.2015","5,790","5,750","5,790","5,750","742,71K","0,87%"
"26.03.2015","5,740","5,710","5,740","5,710","569,44K","0,35%"
"25.03.2015","5,720","5,700","5,720","5,700","3,38M","0,35%"
"24.03.2015","5,700","5,670","5,700","5,660","576,53K","0,53%"
"23.03.2015","5,670","5,660","5,670","5,660","440,96K","0,18%"
"20.03.2015","5,660","5,570","5,660","5,570","217,11K","1,98%"
"19.03.2015","5,550","5,550","5,550","5,550","100,00K","0,00%"
"18.03.2015","5,550","5,500","5,570","5,500","173,87K","0,91%"
"17.03.2015","5,500","5,350","5,500","5,350","846,83K","2,80%"
"16.03.2015","5,350","5,350","5,350","5,350","41,11K","-0,19%"
"13.03.2015","5,360","5,260","5,360","5,250","143,55K","1,90%"
"12.03.2015","5,260","5,300","5,300","5,250","2,53M","-0,75%"
"11.03.2015","5,300","5,300","5,300","5,300","470,02K","-1,85%"
"10.03.2015","5,400","5,400","5,420","5,400","89,22K","0,00%"
"09.03.2015","5,400","5,600","5,600","5,400","454,10K","-4,59%"
"06.03.2015","5,660","5,700","5,700","5,600","2,16M","-0,70%"
"05.03.2015","5,700","5,650","5,700","5,650","5,54M","0,88%"
"04.03.2015","5,650","5,700","5,700","5,650","2,04M","-0,88%"
"03.03.2015","5,700","5,850","5,850","5,700","5,17M","-2,56%"
"02.03.2015","5,850","5,850","5,850","5,850","68,90K","0,00%"
"27.02.2015","5,850","5,900","5,950","5,850","1,92M","-0,85%"
"26.02.2015","5,900","5,900","5,900","5,900","2,24M","-0,84%"
"25.02.2015","5,950","6,030","6,030","5,900","198,01K","-1,00%"
"24.02.2015","6,010","6,010","6,010","6,010","4,40M","0,00%"
"23.02.2015","6,010","6,200","6,200","6,010","333,58K","-4,60%"
"20.02.2015","6,300","6,300","6,300","6,300","38,28K","-1,56%"
"19.02.2015","6,400","6,600","6,600","6,400","409,20K","-3,76%"
"18.02.2015","6,650","6,700","6,700","6,650","757,02K","-5,00%"
"17.02.2015","7,000","7,000","7,000","7,000","263,20K","-2,78%"
"13.02.2015","7,200","7,150","7,200","7,100","23,83K","0,70%"
"12.02.2015","7,150","7,150","7,160","7,150","363,98K","1,42%"
"11.02.2015","7,050","7,050","7,050","7,050","403,65K","-0,70%"
"10.02.2015","7,100","7,100","7,100","7,100","893,30K","0,71%"
"09.02.2015","7,050","7,050","7,050","7,050","354,40K","0,00%"
"06.02.2015","7,050","7,050","7,050","7,050","80,60K","-1,67%"
"05.02.2015","7,170","7,030","7,170","7,030","93,41K","1,99%"
"04.02.2015","7,030","7,010","7,030","7,010","373,01K","0,29%"
"03.02.2015","7,010","6,950","7,050","6,950","767,42K","1,59%"
"02.02.2015","6,900","6,850","6,910","6,850","634,65K","-0,72%"
"30.01.2015","6,950","6,850","6,950","6,850","326,04K","1,46%"
"29.01.2015","6,850","6,650","6,850","6,650","469,27K","3,01%"
"28.01.2015","6,650","6,600","6,650","6,600","759,60K","0,76%"
"27.01.2015","6,600","6,600","6,600","6,600","182,80K","-0,75%"
"26.01.2015","6,650","6,700","6,700","6,650","305,05K","0,00%"
"23.01.2015","6,650","6,650","6,650","6,650","247,33K","-0,30%"
"22.01.2015","6,670","6,700","6,700","6,670","156,40K","-0,45%"
"21.01.2015","6,700","6,790","6,790","6,700","135,40K","-1,33%"
"20.01.2015","6,790","6,750","6,800","6,750","708,85K","0,44%"
"19.01.2015","6,760","6,730","6,760","6,730","306,20K","0,45%"
"15.01.2015","6,730","6,750","6,750","6,700","476,13K","-0,30%"
"14.01.2015","6,750","7,000","7,000","6,750","210,54K","-3,57%"
"13.01.2015","7,000","7,000","7,050","7,000","105,11K","-0,85%"
"12.01.2015","7,060","7,060","7,060","7,000","84,09K","0,57%"
"09.01.2015","7,020","7,170","7,170","7,020","37,50K","-2,09%"
"08.01.2015","7,170","7,170","7,170","7,170","105,09K","0,00%"
"07.01.2015","7,170","7,170","7,170","7,170","61,55K","0,00%"
"06.01.2015","7,170","7,170","7,170","7,170","212,07K","0,00%"
"05.01.2015","7,170","7,110","7,170","7,110","224,41K","0,84%"
"31.12.2014","7,110","7,250","7,250","7,110","3,81M","0,00%"
"30.12.2014","7,110","7,300","7,500","7,110","29,22K","0,14%"
"29.12.2014","7,100","7,300","7,300","7,100","83,54K","-3,40%"
"26.12.2014","7,350","7,250","7,350","7,250","2,33M","1,38%"
"23.12.2014","7,250","7,200","7,250","7,200","8,44K","2,98%"
"22.12.2014","7,040","7,050","7,050","7,000","129,01K","-1,68%"
"19.12.2014","7,160","7,150","7,160","7,150","231,19K","0,14%"
"18.12.2014","7,150","7,010","7,150","7,000","151,60K","2,00%"
"17.12.2014","7,010","7,110","7,110","7,010","207,07K","-1,54%"
"16.12.2014","7,120","7,060","7,120","7,050","241,13K","0,85%"
"15.12.2014","7,060","7,200","7,200","7,060","272,34K","-1,94%"
"12.12.2014","7,200","7,200","7,270","7,200","844,81K","0,00%"
"11.12.2014","7,200","7,310","7,360","7,200","438,05K","-1,50%"
"10.12.2014","7,310","7,310","7,310","7,310","252,00K","0,00%"
"09.12.2014","7,310","7,310","7,310","7,310","733,70K","0,41%"
"05.12.2014","7,280","7,390","7,390","7,280","223,94K","-1,62%"
"04.12.2014","7,400","7,400","7,400","7,400","278,33K","0,00%"
"03.12.2014","7,400","7,400","7,400","7,390","892,77K","0,00%"
"02.12.2014","7,400","7,400","7,400","7,280","87,40K","0,00%"
"01.12.2014","7,400","7,450","7,450","7,390","67,67K","-0,54%"
"28.11.2014","7,440","7,570","7,570","7,400","90,93K","-1,85%"
"27.11.2014","7,580","7,580","7,580","7,580","3,10K","0,40%"
"26.11.2014","7,550","7,750","7,750","7,550","87,46K","-2,58%"
"25.11.2014","7,750","7,610","7,750","7,600","922,94K","1,84%"
"24.11.2014","7,610","7,650","7,650","7,600","137,07K","-0,52%"
"21.11.2014","7,650","7,650","7,650","7,650","408,41K","0,39%"
"20.11.2014","7,620","7,620","7,620","7,620","252,19K","0,26%"
"19.11.2014","7,600","7,600","7,600","7,590","637,50K","0,00%"
"18.11.2014","7,600","7,600","7,600","7,600","505,36K","0,00%"
"17.11.2014","7,600","7,600","7,600","7,600","3,63K","0,00%"
"14.11.2014","7,600","7,600","7,600","7,600","3,52K","0,00%"
"13.11.2014","7,600","7,600","7,600","7,600","271,80K","0,00%"
"12.11.2014","7,600","7,650","7,650","7,600","599,32K","-0,65%"
"11.11.2014","7,650","7,500","7,650","7,450","68,39K","1,32%"
"10.11.2014","7,550","7,590","7,600","7,550","53,98K","-1,31%"
"07.11.2014","7,650","7,650","7,660","7,630","170,00K","0,66%"
"06.11.2014","7,600","7,600","7,600","7,600","639,04K","-1,17%"
"04.11.2014","7,690","7,700","7,700","7,690","5,02K","-0,13%"
"03.11.2014","7,700","7,700","7,740","7,700","980,77K","-0,65%"
"31.10.2014","7,750","7,900","7,900","7,750","1,45M","-1,90%"
"30.10.2014","7,900","7,910","7,910","7,900","3,92K","0,00%"
"29.10.2014","7,900","8,000","8,000","7,900","714,23K","-1,25%"
"28.10.2014","8,000","7,900","8,000","7,900","1,82M","1,91%"
"27.10.2014","7,850","7,850","7,850","7,850","2,11K","0,26%"
"24.10.2014","7,830","7,700","7,830","7,700","337,27K","1,69%"
"23.10.2014","7,700","7,690","7,700","7,690","45,72K","0,13%"
"22.10.2014","7,690","7,690","7,690","7,690","131,07K","-0,13%"
"21.10.2014","7,700","7,700","7,700","7,680","159,07K","0,00%"
"20.10.2014","7,700","7,690","7,700","7,690","21,02K","0,13%"
"17.10.2014","7,690","7,680","7,690","7,680","65,88K","0,13%"
"16.10.2014","7,680","7,670","7,680","7,670","40,34K","0,39%"
"15.10.2014","7,650","7,680","7,680","7,650","65,65K","-0,39%"
"14.10.2014","7,680","7,660","7,680","7,660","1,20K","0,00%"
"13.10.2014","7,680","7,660","7,680","7,660","101,46K","0,26%"
"10.10.2014","7,660","7,660","7,660","7,660","131,28K","0,00%"
"09.10.2014","7,660","7,730","7,730","7,660","42,58K","-0,91%"
"07.10.2014","7,730","7,730","7,730","7,730","41,56K","-0,26%"
"06.10.2014","7,750","7,750","7,750","7,750","67,72K","0,00%"
"03.10.2014","7,750","7,690","7,800","7,690","396,99K","0,78%"
"02.10.2014","7,690","7,910","7,910","7,690","92,27K","-3,63%"
"01.10.2014","7,980","7,990","7,990","7,980","18,77K","-0,25%"
"30.09.2014","8,000","8,010","8,010","8,000","64,67K","-0,25%"
"29.09.2014","8,020","8,050","8,050","8,020","97,64K","-0,37%"
"26.09.2014","8,050","8,080","8,080","8,050","15,00K","-0,49%"
"25.09.2014","8,090","8,090","8,090","8,080","54,64K","0,00%"
"24.09.2014","8,090","8,100","8,100","8,090","152,58K","-0,12%"
"23.09.2014","8,100","8,050","8,100","8,050","302,21K","0,62%"
"22.09.2014","8,050","8,030","8,050","8,030","13,75K","0,25%"
"19.09.2014","8,030","8,000","8,030","8,000","1,12M","0,37%"
"18.09.2014","8,000","8,000","8,000","7,990","1,11M","0,63%"
"17.09.2014","7,950","7,920","7,950","7,920","49,20K","0,63%"
"16.09.2014","7,900","7,860","7,920","7,850","233,68K","0,64%"
"15.09.2014","7,850","7,820","7,850","7,820","269,38K","0,64%"
"12.09.2014","7,800","7,850","7,850","7,800","35,83K","-0,51%"
"11.09.2014","7,840","7,830","7,840","7,800","82,02K","0,13%"
"10.09.2014","7,830","7,750","7,830","7,750","165,75K","-0,89%"
"09.09.2014","7,900","7,900","7,900","7,850","219,29K","0,00%"
"08.09.2014","7,900","7,900","7,900","7,890","59,18K","0,00%"
"05.09.2014","7,900","7,800","7,900","7,800","765,93K","1,28%"
"04.09.2014","7,800","7,850","7,850","7,800","334,41K","-0,64%"
"03.09.2014","7,850","7,800","7,850","7,790","591,79K","0,64%"
"02.09.2014","7,800","7,820","7,820","7,800","142,48K","-0,26%"
"01.09.2014","7,820","7,820","7,820","7,820","3,10K","0,00%"
"29.08.2014","7,820","7,700","7,820","7,700","1,02M","1,43%"
"28.08.2014","7,710","7,840","7,840","7,710","49,53K","-1,78%"
"27.08.2014","7,850","7,850","7,850","7,830","87,00K","0,00%"
"26.08.2014","7,850","7,850","7,850","7,850","7,70K","0,00%"
"25.08.2014","7,850","7,860","7,860","7,850","38,62K","-0,13%"
"22.08.2014","7,860","7,850","7,900","7,850","183,34K","0,13%"
"21.08.2014","7,850","7,850","7,850","7,850","28,05K","0,00%"
"20.08.2014","7,850","7,830","7,850","7,830","674,13K","0,26%"
"19.08.2014","7,830","7,830","7,850","7,830","283,51K","0,00%"
"18.08.2014","7,830","7,800","7,850","7,800","167,05K","-0,13%"
"15.08.2014","7,840","7,900","8,000","7,840","1,26M","-0,76%"
"14.08.2014","7,900","8,000","8,000","7,900","25,83K","0,64%"
"13.08.2014","7,850","7,850","7,860","7,850","358,84K","0,00%"
"12.08.2014","7,850","7,670","7,850","7,630","2,41M","1,95%"
"11.08.2014","7,700","7,850","7,850","7,700","675,91K","-1,91%"
"08.08.2014","7,850","8,050","8,050","7,850","2,59M","-2,48%"
"07.08.2014","8,050","8,140","8,140","8,000","116,37K","-1,23%"
"06.08.2014","8,150","8,200","8,200","8,150","197,32K","-0,61%"
"05.08.2014","8,200","8,190","8,200","8,130","68,54K","0,00%"
"04.08.2014","8,200","8,220","8,220","8,200","152,02K","-0,97%"
"01.08.2014","8,280","8,350","8,350","8,280","58,34K","-0,84%"
"31.07.2014","8,350","8,380","8,380","8,350","25,13K","-1,65%"
"25.07.2014","8,490","8,490","8,490","8,490","10,23K","-0,12%"
"24.07.2014","8,500","8,500","8,500","8,500","20,00K","0,00%"
"23.07.2014","8,500","8,550","8,550","8,500","17,03K","-0,58%"
"22.07.2014","8,550","8,550","8,550","8,550","2,00K","0,00%"
"21.07.2014","8,550","8,580","8,580","8,550","6,63K","0,00%"
"18.07.2014","8,550","8,550","8,550","8,550","5,41K","0,00%"
"17.07.2014","8,550","8,550","8,550","8,550","369,55K","0,00%"
"16.07.2014","8,550","8,570","8,570","8,540","71,33K","-0,23%"
"15.07.2014","8,570","8,630","8,630","8,570","240,07K","-0,70%"
"14.07.2014","8,630","8,630","8,630","8,630","12,50K","-0,23%"
"11.07.2014","8,650","8,630","8,650","8,630","381,98K","0,23%"
"10.07.2014","8,630","8,550","8,650","8,550","823,85K","0,94%"
"09.07.2014","8,550","8,420","8,550","8,420","278,99K","1,54%"
"08.07.2014","8,420","8,330","8,420","8,330","621,94K","1,08%"
"07.07.2014","8,330","8,300","8,330","8,300","55,81K","0,36%"
"04.07.2014","8,300","8,240","8,300","8,240","503,58K","0,61%"
"03.07.2014","8,250","8,240","8,250","8,220","24,96K","0,36%"
"02.07.2014","8,220","8,220","8,230","8,200","1,68M","0,00%"
"01.07.2014","8,220","8,220","8,220","8,200","398,24K","0,00%"
"30.06.2014","8,220","8,230","8,230","8,210","86,86K","-0,12%"
"27.06.2014","8,230","8,250","8,250","8,220","222,13K","-0,24%"
"26.06.2014","8,250","8,250","8,250","8,250","17,29K","0,00%"
"25.06.2014","8,250","8,280","8,280","8,250","126,91K","-0,36%"
"24.06.2014","8,280","8,280","8,280","8,280","451,73K","0,73%"
"23.06.2014","8,220","8,300","8,300","8,200","1,31M","-0,96%"
"20.06.2014","8,300","8,300","8,300","8,260","36,67K","0,00%"
"19.06.2014","8,300","8,360","8,360","8,250","34,00K","-0,60%"
"18.06.2014","8,350","8,400","8,400","8,350","132,34K","-0,60%"
"17.06.2014","8,400","8,430","8,450","8,400","289,99K","-0,36%"
"16.06.2014","8,430","8,450","8,450","8,430","24,74K","-0,24%"
"13.06.2014","8,450","8,450","8,470","8,450","50,83K","-0,12%"
"12.06.2014","8,460","8,450","8,460","8,450","24,95K","0,00%"
"11.06.2014","8,460","8,460","8,460","8,460","1,31K","0,00%"
"10.06.2014","8,460","8,460","8,460","8,460","189,56K","0,48%"
"09.06.2014","8,420","8,440","8,460","8,420","95,12K","-0,24%"
"06.06.2014","8,440","8,400","8,440","8,400","61,54K","0,48%"
"05.06.2014","8,400","8,470","8,470","8,400","47,76K","-0,94%"
"04.06.2014","8,480","8,480","8,480","8,480","150,00K","-0,12%"
"03.06.2014","8,490","8,500","8,500","8,480","347,51K","1,07%"
"02.06.2014","8,400","8,500","8,500","8,400","58,75K","-1,18%"
"30.05.2014","8,500","8,500","8,500","8,470","153,06K","0,35%"
"29.05.2014","8,470","8,500","8,500","8,470","327,24K","-1,28%"
"28.05.2014","8,580","8,580","8,580","8,580","143,30K","-0,12%"
"27.05.2014","8,590","8,590","8,590","8,590","4,00K","0,00%"
"26.05.2014","8,590","8,600","8,600","8,590","901,60K","0,00%"
"23.05.2014","8,590","8,550","8,590","8,550","635,45K","0,47%"
"22.05.2014","8,550","8,500","8,550","8,500","136,30K","0,59%"
"21.05.2014","8,500","8,500","8,550","8,500","345,10K","0,00%"
"19.05.2014","8,500","8,490","8,500","8,450","53,87K","0,12%"
"16.05.2014","8,490","8,500","8,500","8,490","20,20K","-0,12%"
"15.05.2014","8,500","8,560","8,560","8,500","159,60K","-0,70%"
"14.05.2014","8,560","8,600","8,600","8,550","1,01M","-0,47%"
"13.05.2014","8,600","8,650","8,700","8,600","722,24K","-0,58%"
"12.05.2014","8,650","8,700","8,700","8,650","134,50K","-1,14%"
"09.05.2014","8,750","8,700","8,750","8,700","130,00K","0,00%"
"08.05.2014","8,750","8,820","8,820","8,750","761,92K","-0,79%"
"07.05.2014","8,820","8,750","8,820","8,750","106,00K","0,00%"
"06.05.2014","8,820","8,820","8,820","8,800","2,51M","-0,23%"
"05.05.2014","8,840","8,750","8,840","8,750","1,24M","1,03%"
"02.05.2014","8,750","8,500","8,750","8,500","4,88M","2,94%"
"30.04.2014","8,500","8,420","8,500","8,420","239,68K","0,95%"
"29.04.2014","8,420","8,450","8,450","8,420","759,89K","-0,36%"
"28.04.2014","8,450","8,500","8,500","8,450","4,47K","-0,59%"
"25.04.2014","8,500","8,500","8,500","8,500","255,00K","0,00%"
"24.04.2014","8,500","8,400","8,500","8,400","886,93K","1,19%"
"23.04.2014","8,400","8,400","8,450","8,400","110,19K","0,00%"
"22.04.2014","8,400","8,300","8,400","8,300","575,35K","1,82%"
"21.04.2014","8,250","8,170","8,250","8,170","19,31K","1,10%"
"16.04.2014","8,160","8,140","8,160","8,140","356,96K","-0,24%"
"15.04.2014","8,180","8,220","8,220","8,140","174,75K","-1,45%"
"14.04.2014","8,300","8,350","8,350","8,300","193,63K","1,22%"
"11.04.2014","8,200","8,200","8,250","8,200","116,28K","0,00%"
"10.04.2014","8,200","8,130","8,200","8,130","73,76K","1,49%"
"09.04.2014","8,080","8,050","8,080","8,050","321,48K","0,37%"
"08.04.2014","8,050","8,100","8,100","8,050","489,70K","-0,62%"
"07.04.2014","8,100","8,100","8,100","8,090","139,12K","0,37%"
"04.04.2014","8,070","8,000","8,100","8,000","104,74K","1,00%"
"03.04.2014","7,990","8,010","8,030","7,990","122,10K","-0,13%"
"02.04.2014","8,000","8,100","8,120","8,000","316,33K","-1,23%"
"01.04.2014","8,100","8,030","8,100","8,030","63,77K","1,25%"
"31.03.2014","8,000","8,000","8,000","8,000","73,12K","0,00%"
"28.03.2014","8,000","7,750","8,000","7,750","124,71K","3,90%"
"27.03.2014","7,700","7,500","7,700","7,500","439,09K","2,67%"
"26.03.2014","7,500","7,760","7,800","7,500","602,44K","-4,09%"
"25.03.2014","7,820","8,000","8,000","7,820","135,68K","-2,25%"
"24.03.2014","8,000","8,000","8,050","8,000","621,06K","0,00%"
"21.03.2014","8,000","8,130","8,130","8,000","8,56M","-1,60%"
"20.03.2014","8,130","8,130","8,130","8,130","145,96K","0,00%"
"19.03.2014","8,130","8,170","8,170","8,130","64,02K","0,00%"
"18.03.2014","8,130","8,130","8,130","8,130","24,75K","0,00%"
"17.03.2014","8,130","8,050","8,130","8,050","20,37K","0,99%"
"14.03.2014","8,050","8,200","8,200","8,050","68,31K","-1,83%"
"13.03.2014","8,200","8,500","8,500","8,200","367,46K","-3,53%"
"12.03.2014","8,500","8,500","8,500","8,450","105,30K","0,00%"
"11.03.2014","8,500","8,500","8,500","8,500","214,21K","0,59%"
"10.03.2014","8,450","8,350","8,450","8,350","131,77K","1,20%"
"07.03.2014","8,350","8,400","8,400","8,350","1,10M","-0,60%"
"06.03.2014","8,400","8,510","8,510","8,400","405,87K","-1,29%"
"05.03.2014","8,510","8,550","8,550","8,490","67,70K","-0,47%"
"04.03.2014","8,550","8,560","8,560","8,550","27,25K","-0,58%"
"03.03.2014","8,600","8,690","8,700","8,600","155,11K","-0,81%"
"28.02.2014","8,670","8,600","8,670","8,600","1,34M","0,81%"
"27.02.2014","8,600","8,560","8,600","8,560","81,32K","0,47%"
"26.02.2014","8,560","8,560","8,580","8,560","103,96K","0,00%"
"25.02.2014","8,560","8,550","8,560","8,550","51,66K","0,71%"
"24.02.2014","8,500","8,500","8,500","8,500","2,73K","-1,16%"
"21.02.2014","8,600","8,610","8,610","8,600","10,50K","0,00%"
"20.02.2014","8,600","8,590","8,600","8,540","550,61K","0,12%"
"19.02.2014","8,590","8,590","8,590","8,590","16,44K","0,00%"
"18.02.2014","8,590","8,570","8,590","8,570","214,99K","0,35%"
"17.02.2014","8,560","8,530","8,560","8,530","253,20K","0,59%"
"14.02.2014","8,510","8,510","8,510","8,510","12,12K","0,12%"
"13.02.2014","8,500","8,500","8,500","8,500","412,25K","0,00%"
"12.02.2014","8,500","8,500","8,500","8,490","761,96K","0,00%"
"11.02.2014","8,500","8,600","8,600","8,500","421,06K","-0,93%"
"10.02.2014","8,580","8,600","8,600","8,580","119,17K","-0,81%"
"07.02.2014","8,650","8,650","8,650","8,650","251,79K","0,00%"
"06.02.2014","8,650","8,650","8,650","8,650","840,16K","0,00%"
"05.02.2014","8,650","8,650","8,650","8,650","63,66K","-0,23%"
"04.02.2014","8,670","8,620","8,670","8,620","1,61M","0,58%"
"03.02.2014","8,620","8,620","8,620","8,620","115,09K","-0,35%"
"31.01.2014","8,650","8,650","8,650","8,650","1,11M","0,00%"
"30.01.2014","8,650","8,600","8,660","8,600","1,74M","0,58%"
"29.01.2014","8,600","8,840","8,840","8,500","92,11K","-2,82%"
"28.01.2014","8,850","9,000","9,000","8,850","603,77K","-1,67%"
"27.01.2014","9,000","9,250","9,250","9,000","1,12M","-2,07%"
"24.01.2014","9,190","9,230","9,230","9,190","176,04K","-0,43%"
"23.01.2014","9,230","9,240","9,240","9,230","257,00K","-0,22%"
"22.01.2014","9,250","9,300","9,300","9,220","230,95K","-0,32%"
"21.01.2014","9,280","9,300","9,300","9,280","378,89K","-0,22%"